participant.id_in_session,participant.code,participant.label,participant._is_bot,participant._index_in_pages,participant._max_page_index,participant._current_app_name,participant._current_page_name,participant.time_started,participant.visited,participant.mturk_worker_id,participant.mturk_assignment_id,participant.payoff,player.id_in_group,player.dictator,player.recipient,player.gave,player.kept,player.task2payoff,player.droppedoutDG,player.payoff,group.id_in_subsession,group.dictator_amt,group.recipient_amt,subsession.round_number,session.code,session.label,session.mturk_HITId,session.mturk_HITGroupId,session.comment,session.is_demo
1,01rowk8a,P2,0,74,74,el_end,B_End,2020-10-07 22:55:32.198189+00:00,1,,,20.50,1,1,0,250,50,50,,0.00,1,50,250,1,9utu797p,201008 Session 1,,,Session 1 NSM,0
2,kbl83lpz,P4,0,74,74,el_end,B_End,2020-10-07 22:55:40.664562+00:00,1,,,17.50,1,1,0,150,150,150,,0.00,2,150,150,1,9utu797p,201008 Session 1,,,Session 1 NSM,0
3,ly8h7tut,P5,0,74,74,el_end,B_End,2020-10-07 22:55:54.764067+00:00,1,,,10.00,1,1,0,150,150,150,,0.00,3,150,150,1,9utu797p,201008 Session 1,,,Session 1 NSM,0
4,u83ckprm,P1,0,74,74,el_end,B_End,2020-10-07 22:55:59.620658+00:00,1,,,32.50,2,0,1,0,300,250,,0.00,1,50,250,1,9utu797p,201008 Session 1,,,Session 1 NSM,0
5,e4now4nk,P6,0,74,74,el_end,B_End,2020-10-07 22:56:12.085849+00:00,1,,,17.50,2,0,1,150,150,150,,0.00,2,150,150,1,9utu797p,201008 Session 1,,,Session 1 NSM,0
6,mjpar8j3,P3,0,74,74,el_end,B_End,2020-10-07 22:56:53.649246+00:00,1,,,20.00,2,0,1,150,150,150,,0.00,3,150,150,1,9utu797p,201008 Session 1,,,Session 1 NSM,0
7,adguz609,P7,0,74,74,el_end,B_End,2020-10-07 22:58:11.626683+00:00,1,,,17.50,1,1,0,100,200,200,,0.00,4,200,100,1,9utu797p,201008 Session 1,,,Session 1 NSM,0
8,apnxdqi9,P8,0,74,74,el_end,B_End,2020-10-07 22:58:19.421955+00:00,1,,,0.00,1,1,0,0,300,300,,0.00,5,300,0,1,9utu797p,201008 Session 1,,,Session 1 NSM,0
9,w9gc1dxq,P9,0,74,74,el_end,B_End,2020-10-07 22:58:50.564876+00:00,1,,,5.50,1,1,0,10,290,290,,0.00,6,290,10,1,9utu797p,201008 Session 1,,,Session 1 NSM,0
10,tr84uffm,P10,0,74,74,el_end,B_End,2020-10-07 22:59:10.447733+00:00,1,,,12.50,2,0,1,150,150,100,,0.00,4,200,100,1,9utu797p,201008 Session 1,,,Session 1 NSM,0
11,g7l3pf12,P12,0,74,74,el_end,B_End,2020-10-07 22:59:49.906663+00:00,1,,,5.50,2,0,1,0,300,0,,0.00,5,300,0,1,9utu797p,201008 Session 1,,,Session 1 NSM,0
12,rb6suu11,P13,0,74,74,el_end,B_End,2020-10-07 22:59:51.737124+00:00,1,,,1.25,2,0,1,100,200,10,,0.00,6,290,10,1,9utu797p,201008 Session 1,,,Session 1 NSM,0
13,s7fcp6yi,P11,0,74,74,el_end,B_End,2020-10-07 23:00:06.442882+00:00,1,,,16.25,1,1,0,150,150,150,,0.00,7,150,150,1,9utu797p,201008 Session 1,,,Session 1 NSM,0
14,lcqfjnek,P14,0,74,74,el_end,B_End,2020-10-07 23:00:11.536315+00:00,1,,,4.00,1,1,0,150,150,150,,0.00,8,150,150,1,9utu797p,201008 Session 1,,,Session 1 NSM,0
15,qhc0ccp1,P15,0,74,74,el_end,B_End,2020-10-07 23:00:37.496606+00:00,1,,,10.00,1,1,0,100,200,200,,0.00,9,200,100,1,9utu797p,201008 Session 1,,,Session 1 NSM,0
16,k9rf73ds,P16,0,74,74,el_end,B_End,2020-10-07 23:00:51.841307+00:00,1,,,29.00,2,0,1,0,300,150,,0.00,7,150,150,1,9utu797p,201008 Session 1,,,Session 1 NSM,0
17,eecsmep8,P17,0,74,74,el_end,B_End,2020-10-07 23:01:05.748005+00:00,1,,,0.00,2,0,1,0,300,150,,0.00,8,150,150,1,9utu797p,201008 Session 1,,,Session 1 NSM,0
18,rqawlhul,P18,0,74,74,el_end,B_End,2020-10-07 23:01:13.630418+00:00,1,,,15.00,2,0,1,150,150,100,,0.00,9,200,100,1,9utu797p,201008 Session 1,,,Session 1 NSM,0
19,crvel23d,P19,0,74,74,el_end,B_End,2020-10-07 23:06:34.658962+00:00,1,,,20.50,1,1,0,5,295,295,,0.00,10,295,5,1,9utu797p,201008 Session 1,,,Session 1 NSM,0
20,j6vzkpq9,P20,0,74,74,el_end,B_End,2020-10-07 23:08:31.298541+00:00,1,,,2.50,1,1,0,150,150,150,,0.00,11,150,150,1,9utu797p,201008 Session 1,,,Session 1 NSM,0
21,be69exmr,P22,0,74,74,el_end,B_End,2020-10-07 23:08:41.210606+00:00,1,,,8.00,1,1,0,150,150,150,,0.00,12,150,150,1,9utu797p,201008 Session 1,,,Session 1 NSM,0
22,ih8lc7o7,P21,0,74,74,el_end,B_End,2020-10-07 23:09:04.492470+00:00,1,,,26.25,2,0,1,149,151,5,,0.00,10,295,5,1,9utu797p,201008 Session 1,,,Session 1 NSM,0
23,apb5htfb,P23,0,74,74,el_end,B_End,2020-10-07 23:10:03.670558+00:00,1,,,11.25,2,0,1,0,300,150,,0.00,11,150,150,1,9utu797p,201008 Session 1,,,Session 1 NSM,0
24,yul47kmt,P24,0,74,74,el_end,B_End,2020-10-07 23:11:02.487390+00:00,1,,,0.00,2,0,1,10,290,150,,0.00,12,150,150,1,9utu797p,201008 Session 1,,,Session 1 NSM,0
1,mahz01se,P1,0,74,74,el_end,B_End,2020-10-08 00:51:55.670277+00:00,1,,,22.50,1,1,0,0,300,300,,0.00,1,300,0,1,qkirjm3k,201008 Session 2,,,Session 2 SM,0
2,xaotb2ij,P3,0,73,74,el_end,A_Dropout,2020-10-08 00:52:13.235192+00:00,1,,,0.00,1,1,0,150,150,150,1,0.00,2,150,150,1,qkirjm3k,201008 Session 2,,,Session 2 SM,0
3,zmqjx9n5,P2,0,74,74,el_end,B_End,2020-10-08 00:52:21.451341+00:00,1,,,15.00,1,1,0,150,150,150,,0.00,3,150,150,1,qkirjm3k,201008 Session 2,,,Session 2 SM,0
4,lhu3zunt,P4,0,74,74,el_end,B_End,2020-10-08 00:52:22.491501+00:00,1,,,6.00,2,0,1,150,150,0,,0.00,1,300,0,1,qkirjm3k,201008 Session 2,,,Session 2 SM,0
5,ex48getp,P5,0,74,74,el_end,B_End,2020-10-08 00:52:54.112927+00:00,1,,,8.75,2,0,1,150,150,150,,0.00,2,150,150,1,qkirjm3k,201008 Session 2,,,Session 2 SM,0
6,fhoyjsdk,P6,0,74,74,el_end,B_End,2020-10-08 00:53:08.752224+00:00,1,,,12.50,2,0,1,100,200,150,,0.00,3,150,150,1,qkirjm3k,201008 Session 2,,,Session 2 SM,0
7,cp7tbvfo,P8,0,74,74,el_end,B_End,2020-10-08 00:55:58.576823+00:00,1,,,7.50,1,1,0,150,150,150,,0.00,4,150,150,1,qkirjm3k,201008 Session 2,,,Session 2 SM,0
8,csdemn83,P7,0,74,74,el_end,B_End,2020-10-08 00:55:59.397197+00:00,1,,,9.00,1,1,0,150,150,150,,0.00,5,150,150,1,qkirjm3k,201008 Session 2,,,Session 2 SM,0
9,st5qot3t,P9,0,74,74,el_end,B_End,2020-10-08 00:56:26.514044+00:00,1,,,9.00,1,1,0,150,150,150,,0.00,6,150,150,1,qkirjm3k,201008 Session 2,,,Session 2 SM,0
10,nsx5u7nu,P12,0,74,74,el_end,B_End,2020-10-08 00:57:42.186817+00:00,1,,,15.00,2,0,1,0,300,150,,0.00,4,150,150,1,qkirjm3k,201008 Session 2,,,Session 2 SM,0
11,fypw7k1w,P11,0,74,74,el_end,B_End,2020-10-08 00:58:09.361774+00:00,1,,,13.00,2,0,1,120,180,150,,0.00,5,150,150,1,qkirjm3k,201008 Session 2,,,Session 2 SM,0
12,zh49wm62,P10,0,74,74,el_end,B_End,2020-10-08 00:59:45.366587+00:00,1,,,9.30,2,0,1,0,300,150,,0.00,6,150,150,1,qkirjm3k,201008 Session 2,,,Session 2 SM,0
13,8ja5znw5,P13,0,74,74,el_end,B_End,2020-10-08 01:00:07.918124+00:00,1,,,14.50,1,1,0,100,200,200,,0.00,7,200,100,1,qkirjm3k,201008 Session 2,,,Session 2 SM,0
14,j6be3pxa,P14,0,74,74,el_end,B_End,2020-10-08 01:00:14.590482+00:00,1,,,12.50,1,1,0,50,250,250,,0.00,8,250,50,1,qkirjm3k,201008 Session 2,,,Session 2 SM,0
15,agln9ymk,P17,0,74,74,el_end,B_End,2020-10-08 01:01:07.822242+00:00,1,,,15.00,1,1,0,150,150,150,,0.00,9,150,150,1,qkirjm3k,201008 Session 2,,,Session 2 SM,0
16,09rebxff,P18,0,74,74,el_end,B_End,2020-10-08 01:01:10.749136+00:00,1,,,12.50,2,0,1,150,150,100,,0.00,7,200,100,1,qkirjm3k,201008 Session 2,,,Session 2 SM,0
17,sc5e0t3s,P15,0,74,74,el_end,B_End,2020-10-08 01:01:10.709524+00:00,1,,,7.50,2,0,1,0,300,50,,0.00,8,250,50,1,qkirjm3k,201008 Session 2,,,Session 2 SM,0
18,wyfvvubi,P16,0,74,74,el_end,B_End,2020-10-08 01:01:21.127662+00:00,1,,,15.00,2,0,1,0,300,150,,0.00,9,150,150,1,qkirjm3k,201008 Session 2,,,Session 2 SM,0
19,lks8s73y,,0,73,74,el_end,A_Dropout,2020-10-08 01:06:08.592129+00:00,1,,,0.00,1,1,0,,,,,0.00,10,,,1,qkirjm3k,201008 Session 2,,,Session 2 SM,0
20,t1r349rd,,0,73,74,el_end,A_Dropout,2020-10-08 01:06:08.651876+00:00,1,,,0.00,1,1,0,,,,,0.00,11,,,1,qkirjm3k,201008 Session 2,,,Session 2 SM,0
21,s7ak09y2,,0,73,74,el_end,A_Dropout,2020-10-08 01:06:08.715674+00:00,1,,,0.00,1,1,0,,,,,0.00,12,,,1,qkirjm3k,201008 Session 2,,,Session 2 SM,0
22,wyrouc3n,,0,73,74,el_end,A_Dropout,2020-10-08 01:06:08.763589+00:00,1,,,0.00,2,0,1,,,,,0.00,10,,,1,qkirjm3k,201008 Session 2,,,Session 2 SM,0
23,riqm26xk,,0,73,74,el_end,A_Dropout,2020-10-08 01:06:08.806140+00:00,1,,,0.00,2,0,1,,,,,0.00,11,,,1,qkirjm3k,201008 Session 2,,,Session 2 SM,0
24,xb9mzeg1,,0,73,74,el_end,A_Dropout,2020-10-08 01:06:08.856258+00:00,1,,,0.00,2,0,1,,,,,0.00,12,,,1,qkirjm3k,201008 Session 2,,,Session 2 SM,0
1,2ntkls0n,P4,0,74,74,el_end,B_End,2020-10-08 02:51:01.346650+00:00,1,,,25.00,1,1,0,0,300,300,,0.00,1,300,0,1,mjng8ph4,201008 Session 3,,,Session 3 NSM,0
2,7gpkmel9,P1,0,74,74,el_end,B_End,2020-10-08 02:51:01.834690+00:00,1,,,15.00,1,1,0,0,300,300,,0.00,2,300,0,1,mjng8ph4,201008 Session 3,,,Session 3 NSM,0
3,es796ou6,P3,0,74,74,el_end,B_End,2020-10-08 02:51:03.861710+00:00,1,,,0.00,1,1,0,50,250,250,,0.00,3,250,50,1,mjng8ph4,201008 Session 3,,,Session 3 NSM,0
4,svjydsvf,P2,0,74,74,el_end,B_End,2020-10-08 02:51:04.964741+00:00,1,,,16.25,2,0,1,150,150,0,,0.00,1,300,0,1,mjng8ph4,201008 Session 3,,,Session 3 NSM,0
5,to2es1cd,P5,0,74,74,el_end,B_End,2020-10-08 02:51:36.773114+00:00,1,,,10.00,2,0,1,50,250,0,,0.00,2,300,0,1,mjng8ph4,201008 Session 3,,,Session 3 NSM,0
6,fed3noki,P6,0,74,74,el_end,B_End,2020-10-08 02:52:13.667269+00:00,1,,,15.00,2,0,1,50,250,50,,0.00,3,250,50,1,mjng8ph4,201008 Session 3,,,Session 3 NSM,0
7,5205f3z8,P7,0,74,74,el_end,B_End,2020-10-08 02:54:21.060014+00:00,1,,,20.00,1,1,0,50,250,250,,0.00,4,250,50,1,mjng8ph4,201008 Session 3,,,Session 3 NSM,0
8,mi047txm,P10,0,74,74,el_end,B_End,2020-10-08 02:54:25.638192+00:00,1,,,15.50,1,1,0,150,150,150,,0.00,5,150,150,1,mjng8ph4,201008 Session 3,,,Session 3 NSM,0
9,zda8a51f,P8,0,74,74,el_end,B_End,2020-10-08 02:54:38.147574+00:00,1,,,11.75,1,1,0,150,150,150,,0.00,6,150,150,1,mjng8ph4,201008 Session 3,,,Session 3 NSM,0
10,gtqr9nu5,P11,0,74,74,el_end,B_End,2020-10-08 02:54:53.333830+00:00,1,,,16.25,2,0,1,150,150,50,,0.00,4,250,50,1,mjng8ph4,201008 Session 3,,,Session 3 NSM,0
11,55ze659m,P12,0,74,74,el_end,B_End,2020-10-08 02:55:57.611938+00:00,1,,,17.50,2,0,1,0,300,150,,0.00,5,150,150,1,mjng8ph4,201008 Session 3,,,Session 3 NSM,0
12,wdvqq1i9,P9,0,74,74,el_end,B_End,2020-10-08 02:57:25.423155+00:00,1,,,3.50,2,0,1,150,150,150,,0.00,6,150,150,1,mjng8ph4,201008 Session 3,,,Session 3 NSM,0
13,3zcbff0e,P15,0,74,74,el_end,B_End,2020-10-08 02:58:23.724251+00:00,1,,,21.50,1,1,0,0,300,300,,0.00,7,300,0,1,mjng8ph4,201008 Session 3,,,Session 3 NSM,0
14,wgjcsn7x,P16,0,74,74,el_end,B_End,2020-10-08 02:58:46.566379+00:00,1,,,11.25,1,1,0,150,150,150,,0.00,8,150,150,1,mjng8ph4,201008 Session 3,,,Session 3 NSM,0
15,u6mp7pg8,P14,0,74,74,el_end,B_End,2020-10-08 02:58:52.162101+00:00,1,,,8.00,1,1,0,0,300,300,,0.00,9,300,0,1,mjng8ph4,201008 Session 3,,,Session 3 NSM,0
16,mt0f855h,P17,0,74,74,el_end,B_End,2020-10-08 02:58:52.906801+00:00,1,,,18.00,2,0,1,150,150,0,,0.00,7,300,0,1,mjng8ph4,201008 Session 3,,,Session 3 NSM,0
17,vm36ejcx,P18,0,74,74,el_end,B_End,2020-10-08 02:59:19.802814+00:00,1,,,2.00,2,0,1,50,250,150,,0.00,8,150,150,1,mjng8ph4,201008 Session 3,,,Session 3 NSM,0
18,y7x8ejk0,P13,0,74,74,el_end,B_End,2020-10-08 02:59:21.683036+00:00,1,,,1.25,2,0,1,150,150,0,,0.00,9,300,0,1,mjng8ph4,201008 Session 3,,,Session 3 NSM,0
19,jupozxb0,P20,0,74,74,el_end,B_End,2020-10-08 03:01:33.099849+00:00,1,,,22.50,1,1,0,0,300,300,,0.00,10,300,0,1,mjng8ph4,201008 Session 3,,,Session 3 NSM,0
20,sm5vnuz4,P21,0,74,74,el_end,B_End,2020-10-08 03:01:56.468700+00:00,1,,,10.00,1,1,0,100,200,200,,0.00,11,200,100,1,mjng8ph4,201008 Session 3,,,Session 3 NSM,0
21,g1fwh1ap,P22,0,74,74,el_end,B_End,2020-10-08 03:02:20.821715+00:00,1,,,14.50,1,1,0,50,250,250,,0.00,12,250,50,1,mjng8ph4,201008 Session 3,,,Session 3 NSM,0
22,vdhfkylf,P23,0,74,74,el_end,B_End,2020-10-08 03:02:23.324197+00:00,1,,,15.00,2,0,1,150,150,0,,0.00,10,300,0,1,mjng8ph4,201008 Session 3,,,Session 3 NSM,0
23,0crf9q59,P24,0,74,74,el_end,B_End,2020-10-08 03:02:42.406351+00:00,1,,,11.25,2,0,1,150,150,100,,0.00,11,200,100,1,mjng8ph4,201008 Session 3,,,Session 3 NSM,0
24,rqncblzz,P19,0,74,74,el_end,B_End,2020-10-08 03:02:49.232665+00:00,1,,,15.50,2,0,1,20,280,50,,0.00,12,250,50,1,mjng8ph4,201008 Session 3,,,Session 3 NSM,0
1,dzhtxzmi,P1,0,74,74,el_end,B_End,2020-10-08 22:51:56.411531+00:00,1,,,16.50,1,1,0,100,200,200,,0.00,1,200,100,1,nsc8841l,201009 Session 1,,,Session 4 SM,0
2,rg2lbpv3,P3,0,74,74,el_end,B_End,2020-10-08 22:52:23.467818+00:00,1,,,12.00,1,1,0,150,150,150,,0.00,2,150,150,1,nsc8841l,201009 Session 1,,,Session 4 SM,0
3,3ldp9vdf,P5,0,74,74,el_end,B_End,2020-10-08 22:52:59.695728+00:00,1,,,5.25,1,1,0,200,100,100,,0.00,3,100,200,1,nsc8841l,201009 Session 1,,,Session 4 SM,0
4,mmur4v2a,P2,0,74,74,el_end,B_End,2020-10-08 22:53:01.028154+00:00,1,,,5.50,2,0,1,160,140,100,,0.00,1,200,100,1,nsc8841l,201009 Session 1,,,Session 4 SM,0
5,aw6qwr1x,P4,0,74,74,el_end,B_End,2020-10-08 22:53:03.932917+00:00,1,,,8.00,2,0,1,150,150,150,,0.00,2,150,150,1,nsc8841l,201009 Session 1,,,Session 4 SM,0
6,17inzh7h,P7,0,74,74,el_end,B_End,2020-10-08 22:55:07.879465+00:00,1,,,10.50,2,0,1,50,250,200,,0.00,3,100,200,1,nsc8841l,201009 Session 1,,,Session 4 SM,0
7,c0bgok5h,P9,0,74,74,el_end,B_End,2020-10-08 22:55:19.294091+00:00,1,,,15.50,1,1,0,100,200,200,,0.00,4,200,100,1,nsc8841l,201009 Session 1,,,Session 4 SM,0
8,82r4vurv,P8,0,74,74,el_end,B_End,2020-10-08 22:55:33.979315+00:00,1,,,18.50,1,1,0,20,280,280,,0.00,5,280,20,1,nsc8841l,201009 Session 1,,,Session 4 SM,0
9,vl427wnc,P10,0,74,74,el_end,B_End,2020-10-08 22:55:36.630687+00:00,1,,,12.50,1,1,0,150,150,150,,0.00,6,150,150,1,nsc8841l,201009 Session 1,,,Session 4 SM,0
10,u44v21sz,P11,0,74,74,el_end,B_End,2020-10-08 22:56:21.450047+00:00,1,,,6.50,2,0,1,150,150,100,,0.00,4,200,100,1,nsc8841l,201009 Session 1,,,Session 4 SM,0
11,h5f2moz1,P12,0,74,74,el_end,B_End,2020-10-08 22:56:28.337431+00:00,1,,,8.50,2,0,1,100,200,20,,0.00,5,280,20,1,nsc8841l,201009 Session 1,,,Session 4 SM,0
12,gqqhztpk,P14,0,74,74,el_end,B_End,2020-10-08 22:57:12.066719+00:00,1,,,13.00,2,0,1,130,170,150,,0.00,6,150,150,1,nsc8841l,201009 Session 1,,,Session 4 SM,0
13,81lh5c6p,P15,0,74,74,el_end,B_End,2020-10-08 22:57:36.553728+00:00,1,,,17.50,1,1,0,20,280,280,,0.00,7,280,20,1,nsc8841l,201009 Session 1,,,Session 4 SM,0
14,kchmafgx,P13,0,74,74,el_end,B_End,2020-10-08 22:57:51.545743+00:00,1,,,11.00,1,1,0,100,200,200,,0.00,8,200,100,1,nsc8841l,201009 Session 1,,,Session 4 SM,0
15,23fzie9z,P16,0,74,74,el_end,B_End,2020-10-08 22:58:06.330531+00:00,1,,,12.50,1,1,0,50,250,250,,0.00,9,250,50,1,nsc8841l,201009 Session 1,,,Session 4 SM,0
16,r7bocb9t,P17,0,74,74,el_end,B_End,2020-10-08 22:58:07.329561+00:00,1,,,8.50,2,0,1,150,150,20,,0.00,7,280,20,1,nsc8841l,201009 Session 1,,,Session 4 SM,0
17,qmljb8k0,P18,0,74,74,el_end,B_End,2020-10-08 22:58:37.074605+00:00,1,,,10.50,2,0,1,150,150,100,,0.00,8,200,100,1,nsc8841l,201009 Session 1,,,Session 4 SM,0
18,8qb8h3o3,P6,0,74,74,el_end,B_End,2020-10-08 23:00:57.526856+00:00,1,,,8.00,2,0,1,0,300,50,,0.00,9,250,50,1,nsc8841l,201009 Session 1,,,Session 4 SM,0
19,jha29a66,P21,0,74,74,el_end,B_End,2020-10-08 23:04:07.251520+00:00,1,,,7.50,1,1,0,150,150,150,,0.00,10,150,150,1,nsc8841l,201009 Session 1,,,Session 4 SM,0
20,n5s2n0ut,P20,0,74,74,el_end,B_End,2020-10-08 23:04:19.438900+00:00,1,,,15.00,1,1,0,0,300,300,,0.00,11,300,0,1,nsc8841l,201009 Session 1,,,Session 4 SM,0
21,txc11xvm,P23,0,74,74,el_end,B_End,2020-10-08 23:04:19.849318+00:00,1,,,15.00,1,1,0,100,200,200,,0.00,12,200,100,1,nsc8841l,201009 Session 1,,,Session 4 SM,0
22,eoxl51pt,P22,0,74,74,el_end,B_End,2020-10-08 23:04:29.358028+00:00,1,,,12.50,2,0,1,150,150,150,,0.00,10,150,150,1,nsc8841l,201009 Session 1,,,Session 4 SM,0
23,rxnnm7ma,P24,0,74,74,el_end,B_End,2020-10-08 23:06:05.523079+00:00,1,,,0.00,2,0,1,20,280,0,,0.00,11,300,0,1,nsc8841l,201009 Session 1,,,Session 4 SM,0
24,9rozkfq6,P19,0,74,74,el_end,B_End,2020-10-08 23:06:06.290616+00:00,1,,,5.50,2,0,1,110,190,100,,0.00,12,200,100,1,nsc8841l,201009 Session 1,,,Session 4 SM,0
1,do1qohj2,P3,0,74,74,el_end,B_End,2020-10-09 02:51:40.370026+00:00,1,,,13.75,1,1,0,100,200,200,,0.00,1,200,100,1,dhkj4ww2,201009 Session 2,,,Session 5 NSM,0
2,un1mnix9,P2,0,74,74,el_end,B_End,2020-10-09 02:51:40.455834+00:00,1,,,15.00,1,1,0,100,200,200,,0.00,2,200,100,1,dhkj4ww2,201009 Session 2,,,Session 5 NSM,0
3,uriauw12,P4,0,74,74,el_end,B_End,2020-10-09 02:52:09.367927+00:00,1,,,11.25,1,1,0,0,300,300,,0.00,3,300,0,1,dhkj4ww2,201009 Session 2,,,Session 5 NSM,0
4,16zz441v,P1,0,74,74,el_end,B_End,2020-10-09 02:52:25.097215+00:00,1,,,32.50,2,0,1,50,250,100,,0.00,1,200,100,1,dhkj4ww2,201009 Session 2,,,Session 5 NSM,0
5,jmz3brdw,P6,0,74,74,el_end,B_End,2020-10-09 02:53:15.999291+00:00,1,,,0.00,2,0,1,50,250,100,,0.00,2,200,100,1,dhkj4ww2,201009 Session 2,,,Session 5 NSM,0
6,pqqyfmwt,P7,0,74,74,el_end,B_End,2020-10-09 02:54:15.091160+00:00,1,,,20.00,2,0,1,50,250,0,,0.00,3,300,0,1,dhkj4ww2,201009 Session 2,,,Session 5 NSM,0
7,vbcmd4tl,P8,0,74,74,el_end,B_End,2020-10-09 02:54:26.193370+00:00,1,,,22.50,1,1,0,150,150,150,,0.00,4,150,150,1,dhkj4ww2,201009 Session 2,,,Session 5 NSM,0
8,s0em0xu4,P5,0,74,74,el_end,B_End,2020-10-09 02:54:33.166547+00:00,1,,,15.00,1,1,0,100,200,200,,0.00,5,200,100,1,dhkj4ww2,201009 Session 2,,,Session 5 NSM,0
9,xdpd8ynw,P9,0,74,74,el_end,B_End,2020-10-09 02:54:39.127192+00:00,1,,,10.50,1,1,0,0,300,300,,0.00,6,300,0,1,dhkj4ww2,201009 Session 2,,,Session 5 NSM,0
10,ldz8t5t3,P11,0,74,74,el_end,B_End,2020-10-09 02:55:15.756919+00:00,1,,,20.00,2,0,1,200,100,150,,0.00,4,150,150,1,dhkj4ww2,201009 Session 2,,,Session 5 NSM,0
11,1jypsupz,P12,0,74,74,el_end,B_End,2020-10-09 02:55:21.068373+00:00,1,,,1.00,2,0,1,0,300,100,,0.00,5,200,100,1,dhkj4ww2,201009 Session 2,,,Session 5 NSM,0
12,5uazt031,P10,0,74,74,el_end,B_End,2020-10-09 02:55:50.077423+00:00,1,,,1.00,2,0,1,150,150,0,,0.00,6,300,0,1,dhkj4ww2,201009 Session 2,,,Session 5 NSM,0
13,5e7tg1y1,P13,0,74,74,el_end,B_End,2020-10-09 02:55:59.610219+00:00,1,,,22.50,1,1,0,0,300,300,,0.00,7,300,0,1,dhkj4ww2,201009 Session 2,,,Session 5 NSM,0
14,p8jmk7id,P15,0,74,74,el_end,B_End,2020-10-09 02:56:34.104039+00:00,1,,,11.50,1,1,0,100,200,200,,0.00,8,200,100,1,dhkj4ww2,201009 Session 2,,,Session 5 NSM,0
15,jf01wwyn,P14,0,74,74,el_end,B_End,2020-10-09 02:56:40.661536+00:00,1,,,15.50,1,1,0,150,150,150,,0.00,9,150,150,1,dhkj4ww2,201009 Session 2,,,Session 5 NSM,0
16,3cqc624z,P16,0,74,74,el_end,B_End,2020-10-09 02:56:42.811870+00:00,1,,,22.50,2,0,1,0,300,0,,0.00,7,300,0,1,dhkj4ww2,201009 Session 2,,,Session 5 NSM,0
17,iijucjwc,P17,0,74,74,el_end,B_End,2020-10-09 02:56:53.687892+00:00,1,,,17.50,2,0,1,50,250,100,,0.00,8,200,100,1,dhkj4ww2,201009 Session 2,,,Session 5 NSM,0
18,d8nqlpmk,P18,0,74,74,el_end,B_End,2020-10-09 02:57:29.950982+00:00,1,,,10.00,2,0,1,0,300,150,,0.00,9,150,150,1,dhkj4ww2,201009 Session 2,,,Session 5 NSM,0
19,ntnar1rj,P19,0,74,74,el_end,B_End,2020-10-09 03:00:05.307401+00:00,1,,,17.50,1,1,0,150,150,150,,0.00,10,150,150,1,dhkj4ww2,201009 Session 2,,,Session 5 NSM,0
20,mqhek0s5,P20,0,74,74,el_end,B_End,2020-10-09 03:00:07.520097+00:00,1,,,10.00,1,1,0,130,170,170,,0.00,11,170,130,1,dhkj4ww2,201009 Session 2,,,Session 5 NSM,0
21,wm4qg7nn,P21,0,74,74,el_end,B_End,2020-10-09 03:00:33.471297+00:00,1,,,0.00,1,1,0,150,150,150,,0.00,12,150,150,1,dhkj4ww2,201009 Session 2,,,Session 5 NSM,0
22,j0ry4g14,P23,0,74,74,el_end,B_End,2020-10-09 03:00:53.270197+00:00,1,,,16.25,2,0,1,50,250,150,,0.00,10,150,150,1,dhkj4ww2,201009 Session 2,,,Session 5 NSM,0
23,frbvq42r,P22,0,74,74,el_end,B_End,2020-10-09 03:01:17.167458+00:00,1,,,2.50,2,0,1,1,299,130,,0.00,11,170,130,1,dhkj4ww2,201009 Session 2,,,Session 5 NSM,0
24,19xsbpxx,P24,0,74,74,el_end,B_End,2020-10-09 03:01:25.146550+00:00,1,,,7.50,2,0,1,120,180,150,,0.00,12,150,150,1,dhkj4ww2,201009 Session 2,,,Session 5 NSM,0
1,tw49rzrz,P1,0,74,74,el_end,B_End,2020-10-11 22:51:55.616662+00:00,1,,,16.25,1,1,0,150,150,150,,0.00,1,150,150,1,wnb3s06j,201012 Session 1,,,Session 6 NSM,0
2,i5ktans4,P3,0,74,74,el_end,B_End,2020-10-11 22:52:28.224993+00:00,1,,,1.25,1,1,0,125,175,175,,0.00,2,175,125,1,wnb3s06j,201012 Session 1,,,Session 6 NSM,0
3,duqbanr6,P4,0,74,74,el_end,B_End,2020-10-11 22:52:43.635219+00:00,1,,,3.75,1,1,0,50,250,250,,0.00,3,250,50,1,wnb3s06j,201012 Session 1,,,Session 6 NSM,0
4,7e4m5lbw,P5,0,74,74,el_end,B_End,2020-10-11 22:52:47.482888+00:00,1,,,3.00,2,0,1,100,200,150,,0.00,1,150,150,1,wnb3s06j,201012 Session 1,,,Session 6 NSM,0
5,2y03o9kv,P6,0,74,74,el_end,B_End,2020-10-11 22:53:02.570036+00:00,1,,,1.75,2,0,1,25,275,125,,0.00,2,175,125,1,wnb3s06j,201012 Session 1,,,Session 6 NSM,0
6,mta6xfu7,P2,0,74,74,el_end,B_End,2020-10-11 22:53:56.447749+00:00,1,,,7.50,2,0,1,150,150,50,,0.00,3,250,50,1,wnb3s06j,201012 Session 1,,,Session 6 NSM,0
7,887yoyt3,P7,0,74,74,el_end,B_End,2020-10-11 22:56:25.946771+00:00,1,,,20.00,1,1,0,0,300,300,,0.00,4,300,0,1,wnb3s06j,201012 Session 1,,,Session 6 NSM,0
8,8lecjf3f,P8,0,74,74,el_end,B_End,2020-10-11 22:56:49.242733+00:00,1,,,8.00,1,1,0,150,150,150,,0.00,5,150,150,1,wnb3s06j,201012 Session 1,,,Session 6 NSM,0
9,r5i4vuwp,P9,0,74,74,el_end,B_End,2020-10-11 22:57:02.413662+00:00,1,,,10.00,1,1,0,120,180,180,,0.00,6,180,120,1,wnb3s06j,201012 Session 1,,,Session 6 NSM,0
10,36kkbom6,P10,0,74,74,el_end,B_End,2020-10-11 22:57:19.052997+00:00,1,,,20.50,2,0,1,100,200,0,,0.00,4,300,0,1,wnb3s06j,201012 Session 1,,,Session 6 NSM,0
11,puqs3t8k,P12,0,74,74,el_end,B_End,2020-10-11 22:57:47.312455+00:00,1,,,12.50,2,0,1,150,150,150,,0.00,5,150,150,1,wnb3s06j,201012 Session 1,,,Session 6 NSM,0
12,nni3314c,P11,0,74,74,el_end,B_End,2020-10-11 22:58:46.302353+00:00,1,,,0.00,2,0,1,100,200,120,,0.00,6,180,120,1,wnb3s06j,201012 Session 1,,,Session 6 NSM,0
13,ra0h88yq,P13,0,74,74,el_end,B_End,2020-10-11 22:59:41.699244+00:00,1,,,20.00,1,1,0,0,300,300,,0.00,7,300,0,1,wnb3s06j,201012 Session 1,,,Session 6 NSM,0
14,55gsfvn0,P15,0,74,74,el_end,B_End,2020-10-11 22:59:54.028761+00:00,1,,,0.00,1,1,0,150,150,150,,0.00,8,150,150,1,wnb3s06j,201012 Session 1,,,Session 6 NSM,0
15,r2yei2zt,P16,0,74,74,el_end,B_End,2020-10-11 23:00:00.326613+00:00,1,,,17.50,1,1,0,150,150,150,,0.00,9,150,150,1,wnb3s06j,201012 Session 1,,,Session 6 NSM,0
16,8w4wt02v,P14,0,74,74,el_end,B_End,2020-10-11 23:00:12.927653+00:00,1,,,15.00,2,0,1,0,300,0,,0.00,7,300,0,1,wnb3s06j,201012 Session 1,,,Session 6 NSM,0
17,pl4vy2mh,P17,0,74,74,el_end,B_End,2020-10-11 23:00:14.373887+00:00,1,,,2.50,2,0,1,100,200,150,,0.00,8,150,150,1,wnb3s06j,201012 Session 1,,,Session 6 NSM,0
18,a5hil5o9,P18,0,74,74,el_end,B_End,2020-10-11 23:00:22.578988+00:00,1,,,2.50,2,0,1,0,300,150,,0.00,9,150,150,1,wnb3s06j,201012 Session 1,,,Session 6 NSM,0
19,ibikamtm,,0,73,74,el_end,A_Dropout,2020-10-11 23:11:40.088209+00:00,1,,,0.00,1,1,0,,,,,0.00,10,,,1,wnb3s06j,201012 Session 1,,,Session 6 NSM,0
20,35paijx8,,0,73,74,el_end,A_Dropout,2020-10-11 23:11:40.167880+00:00,1,,,0.00,1,1,0,,,,,0.00,11,,,1,wnb3s06j,201012 Session 1,,,Session 6 NSM,0
21,9shtmden,,0,73,74,el_end,A_Dropout,2020-10-11 23:11:40.247748+00:00,1,,,0.00,1,1,0,,,,,0.00,12,,,1,wnb3s06j,201012 Session 1,,,Session 6 NSM,0
22,ka5yuhcm,,0,73,74,el_end,A_Dropout,2020-10-11 23:11:40.417824+00:00,1,,,0.00,2,0,1,,,,,0.00,10,,,1,wnb3s06j,201012 Session 1,,,Session 6 NSM,0
23,ju6i2n5n,,0,73,74,el_end,A_Dropout,2020-10-11 23:11:40.503830+00:00,1,,,0.00,2,0,1,,,,,0.00,11,,,1,wnb3s06j,201012 Session 1,,,Session 6 NSM,0
24,zf0pmb8e,,0,73,74,el_end,A_Dropout,2020-10-11 23:11:40.611118+00:00,1,,,0.00,2,0,1,,,,,0.00,12,,,1,wnb3s06j,201012 Session 1,,,Session 6 NSM,0
1,7xho8x0o,P2,0,74,74,el_end,B_End,2020-10-12 22:54:01.870989+00:00,1,,,10.00,1,1,0,120,180,180,,0.00,1,180,120,1,d6kkgmlt,201013 Session 1,,,Session 7 SM,0
2,qulbl260,P3,0,74,74,el_end,B_End,2020-10-12 22:54:12.857463+00:00,1,,,13.00,1,1,0,150,150,150,,0.00,2,150,150,1,d6kkgmlt,201013 Session 1,,,Session 7 SM,0
3,4gx56zru,P1,0,74,74,el_end,B_End,2020-10-12 22:54:25.611661+00:00,1,,,14.50,1,1,0,50,250,250,,0.00,3,250,50,1,d6kkgmlt,201013 Session 1,,,Session 7 SM,0
4,kigs9jtm,P4,0,74,74,el_end,B_End,2020-10-12 22:54:44.497226+00:00,1,,,11.00,2,0,1,100,200,120,,0.00,1,180,120,1,d6kkgmlt,201013 Session 1,,,Session 7 SM,0
5,4oti258t,P6,0,74,74,el_end,B_End,2020-10-12 22:54:59.681044+00:00,1,,,7.50,2,0,1,150,150,150,,0.00,2,150,150,1,d6kkgmlt,201013 Session 1,,,Session 7 SM,0
6,j1b381zj,P5,0,74,74,el_end,B_End,2020-10-12 22:55:09.394174+00:00,1,,,8.00,2,0,1,120,180,50,,0.00,3,250,50,1,d6kkgmlt,201013 Session 1,,,Session 7 SM,0
7,2slg4dhy,P7,0,74,74,el_end,B_End,2020-10-12 22:56:53.659966+00:00,1,,,14.00,1,1,0,20,280,280,,0.00,4,280,20,1,d6kkgmlt,201013 Session 1,,,Session 7 SM,0
8,4is4yb3f,P8,0,74,74,el_end,B_End,2020-10-12 22:57:12.610317+00:00,1,,,21.50,1,1,0,0,300,300,,0.00,5,300,0,1,d6kkgmlt,201013 Session 1,,,Session 7 SM,0
9,7vg4i6bs,P9,0,74,74,el_end,B_End,2020-10-12 22:57:17.627337+00:00,1,,,8.50,1,1,0,150,150,150,,0.00,6,150,150,1,d6kkgmlt,201013 Session 1,,,Session 7 SM,0
10,s8rcublj,P10,0,74,74,el_end,B_End,2020-10-12 22:57:49.428740+00:00,1,,,5.50,2,0,1,100,200,20,,0.00,4,280,20,1,d6kkgmlt,201013 Session 1,,,Session 7 SM,0
11,uro4pqel,P11,0,74,74,el_end,B_End,2020-10-12 22:58:13.249648+00:00,1,,,5.00,2,0,1,150,150,0,,0.00,5,300,0,1,d6kkgmlt,201013 Session 1,,,Session 7 SM,0
12,idlxcd6q,P12,0,74,74,el_end,B_End,2020-10-12 22:58:24.438923+00:00,1,,,8.75,2,0,1,150,150,150,,0.00,6,150,150,1,d6kkgmlt,201013 Session 1,,,Session 7 SM,0
13,xcmit14x,P13,0,74,74,el_end,B_End,2020-10-12 23:00:00.382082+00:00,1,,,15.00,1,1,0,150,150,150,,0.00,7,150,150,1,d6kkgmlt,201013 Session 1,,,Session 7 SM,0
14,styeyzzz,P14,0,74,74,el_end,B_End,2020-10-12 23:01:01.071646+00:00,1,,,8.75,1,1,0,150,150,150,,0.00,8,150,150,1,d6kkgmlt,201013 Session 1,,,Session 7 SM,0
15,prummaog,P17,0,74,74,el_end,B_End,2020-10-12 23:01:13.811184+00:00,1,,,15.00,1,1,0,0,300,300,,0.00,9,300,0,1,d6kkgmlt,201013 Session 1,,,Session 7 SM,0
16,m4eooh1k,P15,0,74,74,el_end,B_End,2020-10-12 23:01:14.354079+00:00,1,,,11.00,2,0,1,0,300,150,,0.00,7,150,150,1,d6kkgmlt,201013 Session 1,,,Session 7 SM,0
17,0n2iz8wf,P16,0,74,74,el_end,B_End,2020-10-12 23:01:33.233451+00:00,1,,,15.00,2,0,1,100,200,150,,0.00,8,150,150,1,d6kkgmlt,201013 Session 1,,,Session 7 SM,0
18,9jy7ynhm,P18,0,74,74,el_end,B_End,2020-10-12 23:01:36.537617+00:00,1,,,7.50,2,0,1,0,300,0,,0.00,9,300,0,1,d6kkgmlt,201013 Session 1,,,Session 7 SM,0
19,4bivot8d,P19,0,74,74,el_end,B_End,2020-10-12 23:05:54.738787+00:00,1,,,2.50,1,1,0,250,50,50,,0.00,10,50,250,1,d6kkgmlt,201013 Session 1,,,Session 7 SM,0
20,zc72g7re,P20,0,74,74,el_end,B_End,2020-10-12 23:06:05.215463+00:00,1,,,20.50,1,1,0,0,300,300,,0.00,11,300,0,1,d6kkgmlt,201013 Session 1,,,Session 7 SM,0
21,aeseakbz,P21,0,74,74,el_end,B_End,2020-10-12 23:06:23.795276+00:00,1,,,13.00,1,1,0,120,180,180,,0.00,12,180,120,1,d6kkgmlt,201013 Session 1,,,Session 7 SM,0
22,xzxd49pl,P22,0,74,74,el_end,B_End,2020-10-12 23:06:36.427172+00:00,1,,,13.50,2,0,1,50,250,250,,0.00,10,50,250,1,d6kkgmlt,201013 Session 1,,,Session 7 SM,0
23,c8i93dxa,P23,0,74,74,el_end,B_End,2020-10-12 23:06:58.502122+00:00,1,,,4.50,2,0,1,120,180,0,,0.00,11,300,0,1,d6kkgmlt,201013 Session 1,,,Session 7 SM,0
24,9qtz9748,P24,0,74,74,el_end,B_End,2020-10-12 23:07:47.057594+00:00,1,,,11.50,2,0,1,110,190,120,,0.00,12,180,120,1,d6kkgmlt,201013 Session 1,,,Session 7 SM,0
1,73jj0kui,P1,0,18,74,el_investment_ctrl,D_Summary,2020-10-13 00:53:24.220743+00:00,1,,,0.00,1,1,0,,,,,0.00,1,,,1,99e50eg3,201013 Session 2,,,Session 8 NSM,0
2,zd8r68u7,P4,0,18,74,el_investment_ctrl,D_Summary,2020-10-13 00:54:02.920116+00:00,1,,,0.00,1,1,0,,,,,0.00,2,,,1,99e50eg3,201013 Session 2,,,Session 8 NSM,0
3,6r1h3bp3,P2,0,18,74,el_investment_ctrl,D_Summary,2020-10-13 00:54:30.968350+00:00,1,,,0.00,1,1,0,,,,,0.00,3,,,1,99e50eg3,201013 Session 2,,,Session 8 NSM,0
4,xtpe7wac,P5,0,18,74,el_investment_ctrl,D_Summary,2020-10-13 00:55:03.993976+00:00,1,,,0.00,2,0,1,,,,,0.00,1,,,1,99e50eg3,201013 Session 2,,,Session 8 NSM,0
5,4vkr1ueb,P6,0,18,74,el_investment_ctrl,D_Summary,2020-10-13 00:55:07.363461+00:00,1,,,0.00,2,0,1,,,,,0.00,2,,,1,99e50eg3,201013 Session 2,,,Session 8 NSM,0
6,18ke45ob,P7,0,18,74,el_investment_ctrl,D_Summary,2020-10-13 00:55:29.178119+00:00,1,,,0.00,2,0,1,,,,,0.00,3,,,1,99e50eg3,201013 Session 2,,,Session 8 NSM,0
7,p51nzlcr,P3,0,18,74,el_investment_ctrl,D_Summary,2020-10-13 00:55:35.378536+00:00,1,,,0.00,1,1,0,,,,,0.00,4,,,1,99e50eg3,201013 Session 2,,,Session 8 NSM,0
8,ihakt6if,P8,0,18,74,el_investment_ctrl,D_Summary,2020-10-13 00:55:45.468265+00:00,1,,,0.00,1,1,0,,,,,0.00,5,,,1,99e50eg3,201013 Session 2,,,Session 8 NSM,0
9,kj8olqky,P9,0,18,74,el_investment_ctrl,D_Summary,2020-10-13 00:56:00.724751+00:00,1,,,0.00,1,1,0,,,,,0.00,6,,,1,99e50eg3,201013 Session 2,,,Session 8 NSM,0
10,ndt3r2px,P10,0,18,74,el_investment_ctrl,D_Summary,2020-10-13 00:56:23.339492+00:00,1,,,0.00,2,0,1,,,,,0.00,4,,,1,99e50eg3,201013 Session 2,,,Session 8 NSM,0
11,r8q7rkar,P12,0,18,74,el_investment_ctrl,D_Summary,2020-10-13 00:57:03.583164+00:00,1,,,0.00,2,0,1,,,,,0.00,5,,,1,99e50eg3,201013 Session 2,,,Session 8 NSM,0
12,idpxsic3,P14,0,18,74,el_investment_ctrl,D_Summary,2020-10-13 00:57:56.440071+00:00,1,,,0.00,2,0,1,,,,,0.00,6,,,1,99e50eg3,201013 Session 2,,,Session 8 NSM,0
13,lqzgti7k,P11,0,18,74,el_investment_ctrl,D_Summary,2020-10-13 00:57:58.713887+00:00,1,,,0.00,1,1,0,,,,,0.00,7,,,1,99e50eg3,201013 Session 2,,,Session 8 NSM,0
14,pk2tcqiq,P13,0,18,74,el_investment_ctrl,D_Summary,2020-10-13 00:58:10.259649+00:00,1,,,0.00,1,1,0,,,,,0.00,8,,,1,99e50eg3,201013 Session 2,,,Session 8 NSM,0
15,yqvvgxmp,P15,0,18,74,el_investment_ctrl,D_Summary,2020-10-13 00:58:21.857405+00:00,1,,,0.00,1,1,0,,,,,0.00,9,,,1,99e50eg3,201013 Session 2,,,Session 8 NSM,0
16,brj1vmm1,P17,0,18,74,el_investment_ctrl,D_Summary,2020-10-13 00:58:24.976845+00:00,1,,,0.00,2,0,1,,,,,0.00,7,,,1,99e50eg3,201013 Session 2,,,Session 8 NSM,0
17,pu1jbcmq,P16,0,18,74,el_investment_ctrl,D_Summary,2020-10-13 00:58:38.808017+00:00,1,,,0.00,2,0,1,,,,,0.00,8,,,1,99e50eg3,201013 Session 2,,,Session 8 NSM,0
18,u99nc061,P18,0,18,74,el_investment_ctrl,D_Summary,2020-10-13 00:58:45.535221+00:00,1,,,0.00,2,0,1,,,,,0.00,9,,,1,99e50eg3,201013 Session 2,,,Session 8 NSM,0
19,lxyu1rwz,P19,0,18,74,el_investment_ctrl,D_Summary,2020-10-13 00:59:00.219160+00:00,1,,,0.00,1,1,0,,,,,0.00,10,,,1,99e50eg3,201013 Session 2,,,Session 8 NSM,0
20,xayn1kqj,P22,0,18,74,el_investment_ctrl,D_Summary,2020-10-13 00:59:43.675225+00:00,1,,,0.00,1,1,0,,,,,0.00,11,,,1,99e50eg3,201013 Session 2,,,Session 8 NSM,0
21,03ddf2md,P20,0,18,74,el_investment_ctrl,D_Summary,2020-10-13 00:59:53.030189+00:00,1,,,0.00,1,1,0,,,,,0.00,12,,,1,99e50eg3,201013 Session 2,,,Session 8 NSM,0
22,fu63wxnx,P23,0,18,74,el_investment_ctrl,D_Summary,2020-10-13 01:00:10.416775+00:00,1,,,0.00,2,0,1,,,,,0.00,10,,,1,99e50eg3,201013 Session 2,,,Session 8 NSM,0
23,sajlxjje,P21,0,18,74,el_investment_ctrl,D_Summary,2020-10-13 01:00:15.209357+00:00,1,,,0.00,2,0,1,,,,,0.00,11,,,1,99e50eg3,201013 Session 2,,,Session 8 NSM,0
24,y30ai5sc,P24,0,73,74,el_end,A_Dropout,2020-10-13 01:00:51.082223+00:00,1,,,0.00,2,0,1,,,,,0.00,12,,,1,99e50eg3,201013 Session 2,,,Session 8 NSM,0
1,ztnfame5,P2,0,74,74,el_end,B_End,2020-10-13 02:54:38.097888+00:00,1,,,12.50,1,1,0,0,300,300,,0.00,1,300,0,1,2o3btpnv,201013 Session 3,,,Session 9 SM,0
2,njje16ts,P3,0,74,74,el_end,B_End,2020-10-13 02:54:48.500315+00:00,1,,,0.25,1,1,0,0,300,300,,0.00,2,300,0,1,2o3btpnv,201013 Session 3,,,Session 9 SM,0
3,nrxjezgd,P4,0,74,74,el_end,B_End,2020-10-13 02:54:52.031312+00:00,1,,,10.75,1,1,0,100,200,200,,0.00,3,200,100,1,2o3btpnv,201013 Session 3,,,Session 9 SM,0
4,ug6ubh7u,P5,0,74,74,el_end,B_End,2020-10-13 02:55:01.728913+00:00,1,,,30.00,2,0,1,0,300,0,,0.00,1,300,0,1,2o3btpnv,201013 Session 3,,,Session 9 SM,0
5,zzus9bu1,P6,0,74,74,el_end,B_End,2020-10-13 02:55:10.189257+00:00,1,,,13.00,2,0,1,150,150,0,,0.00,2,300,0,1,2o3btpnv,201013 Session 3,,,Session 9 SM,0
6,446oer1n,P1,0,74,74,el_end,B_End,2020-10-13 02:55:10.712784+00:00,1,,,13.50,2,0,1,150,150,100,,0.00,3,200,100,1,2o3btpnv,201013 Session 3,,,Session 9 SM,0
7,wmpxqpy0,P9,0,74,74,el_end,B_End,2020-10-13 02:56:07.621481+00:00,1,,,35.00,1,1,0,100,200,200,,0.00,4,200,100,1,2o3btpnv,201013 Session 3,,,Session 9 SM,0
8,zp6myxti,P7,0,74,74,el_end,B_End,2020-10-13 02:56:11.331526+00:00,1,,,20.00,1,1,0,0,300,300,,0.00,5,300,0,1,2o3btpnv,201013 Session 3,,,Session 9 SM,0
9,5htmuzvy,P8,0,74,74,el_end,B_End,2020-10-13 02:56:22.629600+00:00,1,,,22.50,1,1,0,150,150,150,,0.00,6,150,150,1,2o3btpnv,201013 Session 3,,,Session 9 SM,0
10,gcs81tqg,P10,0,74,74,el_end,B_End,2020-10-13 02:56:52.934250+00:00,1,,,14.40,2,0,1,0,300,100,,0.00,4,200,100,1,2o3btpnv,201013 Session 3,,,Session 9 SM,0
11,e9krmwaq,P12,0,74,74,el_end,B_End,2020-10-13 02:56:59.526424+00:00,1,,,0.50,2,0,1,100,200,0,,0.00,5,300,0,1,2o3btpnv,201013 Session 3,,,Session 9 SM,0
12,u0l9qwsz,P11,0,74,74,el_end,B_End,2020-10-13 02:57:01.597802+00:00,1,,,1.25,2,0,1,100,200,150,,0.00,6,150,150,1,2o3btpnv,201013 Session 3,,,Session 9 SM,0
13,e1h62bvp,P13,0,74,74,el_end,B_End,2020-10-13 02:57:45.407774+00:00,1,,,34.90,1,1,0,150,150,150,,0.00,7,150,150,1,2o3btpnv,201013 Session 3,,,Session 9 SM,0
14,9rwzklq4,P15,0,74,74,el_end,B_End,2020-10-13 02:58:03.711429+00:00,1,,,21.50,1,1,0,150,150,150,,0.00,8,150,150,1,2o3btpnv,201013 Session 3,,,Session 9 SM,0
15,5od53xxj,P14,0,74,74,el_end,B_End,2020-10-13 02:58:18.538660+00:00,1,,,15.00,1,1,0,150,150,150,,0.00,9,150,150,1,2o3btpnv,201013 Session 3,,,Session 9 SM,0
16,9h6kwq7l,P16,0,74,74,el_end,B_End,2020-10-13 02:58:20.681688+00:00,1,,,15.50,2,0,1,0,300,150,,0.00,7,150,150,1,2o3btpnv,201013 Session 3,,,Session 9 SM,0
17,0v2i687b,P17,0,74,74,el_end,B_End,2020-10-13 02:58:24.830310+00:00,1,,,11.25,2,0,1,0,300,150,,0.00,8,150,150,1,2o3btpnv,201013 Session 3,,,Session 9 SM,0
18,nvay2r49,P18,0,74,74,el_end,B_End,2020-10-13 02:59:42.600908+00:00,1,,,3.50,2,0,1,100,200,150,,0.00,9,150,150,1,2o3btpnv,201013 Session 3,,,Session 9 SM,0
19,grq6o7po,P19,0,74,74,el_end,B_End,2020-10-13 02:59:50.657454+00:00,1,,,17.50,1,1,0,30,270,270,,0.00,10,270,30,1,2o3btpnv,201013 Session 3,,,Session 9 SM,0
20,9tq8yz0y,P20,0,74,74,el_end,B_End,2020-10-13 03:00:12.061150+00:00,1,,,1.00,1,1,0,150,150,150,,0.00,11,150,150,1,2o3btpnv,201013 Session 3,,,Session 9 SM,0
21,k6sadcrw,P22,0,74,74,el_end,B_End,2020-10-13 03:00:41.473763+00:00,1,,,10.00,1,1,0,100,200,200,,0.00,12,200,100,1,2o3btpnv,201013 Session 3,,,Session 9 SM,0
22,ldwoenrd,P21,0,74,74,el_end,B_End,2020-10-13 03:00:45.433895+00:00,1,,,21.50,2,0,1,100,200,30,,0.00,10,270,30,1,2o3btpnv,201013 Session 3,,,Session 9 SM,0
23,af8igobr,P23,0,74,74,el_end,B_End,2020-10-13 03:00:54.706205+00:00,1,,,2.85,2,0,1,0,300,150,,0.00,11,150,150,1,2o3btpnv,201013 Session 3,,,Session 9 SM,0
24,ervst6sx,P24,0,74,74,el_end,B_End,2020-10-13 03:01:08.029884+00:00,1,,,3.25,2,0,1,0,300,100,,0.00,12,200,100,1,2o3btpnv,201013 Session 3,,,Session 9 SM,0
1,zj4125k6,P1,0,74,74,el_end,B_End,2020-10-13 01:21:58.846082+00:00,1,,,7.50,1,1,0,150,150,150,,0.00,1,150,150,1,ui4pfv39,201013 Session 2 - Replacement,,,Session 8 NSM - Replacement,0
2,v4mg2u4z,P2,0,74,74,el_end,B_End,2020-10-13 01:21:59.564166+00:00,1,,,8.75,1,1,0,150,150,150,,0.00,2,150,150,1,ui4pfv39,201013 Session 2 - Replacement,,,Session 8 NSM - Replacement,0
3,tns0wzjp,P3,0,74,74,el_end,B_End,2020-10-13 01:22:00.153190+00:00,1,,,17.00,1,1,0,50,250,250,,0.00,3,250,50,1,ui4pfv39,201013 Session 2 - Replacement,,,Session 8 NSM - Replacement,0
4,8dli8adx,P4,0,74,74,el_end,B_End,2020-10-13 01:22:00.682410+00:00,1,,,15.00,2,0,1,0,300,150,,0.00,1,150,150,1,ui4pfv39,201013 Session 2 - Replacement,,,Session 8 NSM - Replacement,0
5,6pa0y5dv,P5,0,74,74,el_end,B_End,2020-10-13 01:22:01.298757+00:00,1,,,15.00,2,0,1,0,300,150,,0.00,2,150,150,1,ui4pfv39,201013 Session 2 - Replacement,,,Session 8 NSM - Replacement,0
6,1jbjjnmi,P6,0,74,74,el_end,B_End,2020-10-13 01:22:01.864558+00:00,1,,,3.50,2,0,1,100,200,50,,0.00,3,250,50,1,ui4pfv39,201013 Session 2 - Replacement,,,Session 8 NSM - Replacement,0
7,cd74qwtr,P7,0,74,74,el_end,B_End,2020-10-13 01:22:02.615726+00:00,1,,,12.50,1,1,0,150,150,150,,0.00,4,150,150,1,ui4pfv39,201013 Session 2 - Replacement,,,Session 8 NSM - Replacement,0
8,43v6dviv,P8,0,74,74,el_end,B_End,2020-10-13 01:22:03.100023+00:00,1,,,10.50,1,1,0,100,200,200,,0.00,5,200,100,1,ui4pfv39,201013 Session 2 - Replacement,,,Session 8 NSM - Replacement,0
9,i5ze771x,P9,0,74,74,el_end,B_End,2020-10-13 01:22:04.583474+00:00,1,,,21.50,1,1,0,0,300,300,,0.00,6,300,0,1,ui4pfv39,201013 Session 2 - Replacement,,,Session 8 NSM - Replacement,0
10,xv0e03rn,P10,0,74,74,el_end,B_End,2020-10-13 01:22:05.110841+00:00,1,,,8.75,2,0,1,150,150,150,,0.00,4,150,150,1,ui4pfv39,201013 Session 2 - Replacement,,,Session 8 NSM - Replacement,0
11,8u0hdoyc,P11,0,74,74,el_end,B_End,2020-10-13 01:22:05.727785+00:00,1,,,7.50,2,0,1,0,300,100,,0.00,5,200,100,1,ui4pfv39,201013 Session 2 - Replacement,,,Session 8 NSM - Replacement,0
12,f8wdsrhj,P12,0,74,74,el_end,B_End,2020-10-13 01:22:06.309137+00:00,1,,,6.50,2,0,1,10,290,0,,0.00,6,300,0,1,ui4pfv39,201013 Session 2 - Replacement,,,Session 8 NSM - Replacement,0
13,ynrat5rx,P13,0,74,74,el_end,B_End,2020-10-13 01:22:06.843680+00:00,1,,,14.75,1,1,0,20,280,280,,0.00,7,280,20,1,ui4pfv39,201013 Session 2 - Replacement,,,Session 8 NSM - Replacement,0
14,vvivslvr,P14,0,74,74,el_end,B_End,2020-10-13 01:22:07.451282+00:00,1,,,16.25,1,1,0,25,275,275,,0.00,8,275,25,1,ui4pfv39,201013 Session 2 - Replacement,,,Session 8 NSM - Replacement,0
15,c9ybaytz,P15,0,74,74,el_end,B_End,2020-10-13 01:22:08.022080+00:00,1,,,22.50,1,1,0,0,300,300,,0.00,9,300,0,1,ui4pfv39,201013 Session 2 - Replacement,,,Session 8 NSM - Replacement,0
16,aahacg1g,P16,0,74,74,el_end,B_End,2020-10-13 01:22:08.557118+00:00,1,,,8.50,2,0,1,20,280,20,,0.00,7,280,20,1,ui4pfv39,201013 Session 2 - Replacement,,,Session 8 NSM - Replacement,0
17,ihw0mnlm,P17,0,74,74,el_end,B_End,2020-10-13 01:22:10.114253+00:00,1,,,2.50,2,0,1,100,200,25,,0.00,8,275,25,1,ui4pfv39,201013 Session 2 - Replacement,,,Session 8 NSM - Replacement,0
18,fefmwfuq,P18,0,74,74,el_end,B_End,2020-10-13 01:22:10.551031+00:00,1,,,4.00,2,0,1,100,200,0,,0.00,9,300,0,1,ui4pfv39,201013 Session 2 - Replacement,,,Session 8 NSM - Replacement,0
19,zvuyenup,P19,0,74,74,el_end,B_End,2020-10-13 01:22:11.164963+00:00,1,,,15.00,1,1,0,0,300,300,,0.00,10,300,0,1,ui4pfv39,201013 Session 2 - Replacement,,,Session 8 NSM - Replacement,0
20,f5kd32e9,P20,0,74,74,el_end,B_End,2020-10-13 01:22:11.696366+00:00,1,,,16.95,1,1,0,1,299,299,,0.00,11,299,1,1,ui4pfv39,201013 Session 2 - Replacement,,,Session 8 NSM - Replacement,0
21,66qlqkrf,P21,0,74,74,el_end,B_End,2020-10-13 01:22:12.130290+00:00,1,,,10.75,1,1,0,120,180,180,,0.00,12,180,120,1,ui4pfv39,201013 Session 2 - Replacement,,,Session 8 NSM - Replacement,0
22,8xepd98c,P22,0,74,74,el_end,B_End,2020-10-13 01:22:12.725453+00:00,1,,,0.00,2,0,1,0,300,0,,0.00,10,300,0,1,ui4pfv39,201013 Session 2 - Replacement,,,Session 8 NSM - Replacement,0
23,tkfw2ty7,P23,0,74,74,el_end,B_End,2020-10-13 01:22:13.200578+00:00,1,,,3.55,2,0,1,140,160,1,,0.00,11,299,1,1,ui4pfv39,201013 Session 2 - Replacement,,,Session 8 NSM - Replacement,0
24,3n7su44j,P24,0,73,74,el_end,A_Dropout,2020-10-13 01:22:13.706091+00:00,1,,,0.00,2,0,1,150,150,120,1,0.00,12,180,120,1,ui4pfv39,201013 Session 2 - Replacement,,,Session 8 NSM - Replacement,0
1,yaz63893,P1,0,74,74,el_end,B_End,2020-10-14 22:50:58.697378+00:00,1,,,20.00,1,1,0,150,150,150,,0.00,1,150,150,1,hpi5mnol,201015 Session 1,,,Session 10 NSM,0
2,48dgu05q,P2,0,74,74,el_end,B_End,2020-10-14 22:51:36.153654+00:00,1,,,5.00,1,1,0,150,150,150,,0.00,2,150,150,1,hpi5mnol,201015 Session 1,,,Session 10 NSM,0
3,976518sl,P4,0,74,74,el_end,B_End,2020-10-14 22:51:47.739141+00:00,1,,,11.25,1,1,0,150,150,150,,0.00,3,150,150,1,hpi5mnol,201015 Session 1,,,Session 10 NSM,0
4,6kdsnc1r,P3,0,74,74,el_end,B_End,2020-10-14 22:51:55.398608+00:00,1,,,18.00,2,0,1,150,150,150,,0.00,1,150,150,1,hpi5mnol,201015 Session 1,,,Session 10 NSM,0
5,2gtvqd89,P5,0,74,74,el_end,B_End,2020-10-14 22:52:25.582880+00:00,1,,,11.25,2,0,1,150,150,150,,0.00,2,150,150,1,hpi5mnol,201015 Session 1,,,Session 10 NSM,0
6,5dz6gu7d,P6,0,74,74,el_end,B_End,2020-10-14 22:54:04.969909+00:00,1,,,15.50,2,0,1,100,200,150,,0.00,3,150,150,1,hpi5mnol,201015 Session 1,,,Session 10 NSM,0
7,lthop23j,P7,0,74,74,el_end,B_End,2020-10-14 22:54:55.218293+00:00,1,,,15.75,1,1,0,120,180,180,,0.00,4,180,120,1,hpi5mnol,201015 Session 1,,,Session 10 NSM,0
8,67w4l63z,P8,0,74,74,el_end,B_End,2020-10-14 22:55:09.159432+00:00,1,,,10.00,1,1,0,50,250,250,,0.00,5,250,50,1,hpi5mnol,201015 Session 1,,,Session 10 NSM,0
9,huqalvj5,P9,0,74,74,el_end,B_End,2020-10-14 22:55:53.560228+00:00,1,,,10.00,1,1,0,150,150,150,,0.00,6,150,150,1,hpi5mnol,201015 Session 1,,,Session 10 NSM,0
10,aiu6wuy6,P11,0,74,74,el_end,B_End,2020-10-14 22:56:07.676052+00:00,1,,,15.00,2,0,1,150,150,120,,0.00,4,180,120,1,hpi5mnol,201015 Session 1,,,Session 10 NSM,0
11,k0ih2786,P14,0,74,74,el_end,B_End,2020-10-14 22:57:11.239651+00:00,1,,,8.00,2,0,1,150,150,50,,0.00,5,250,50,1,hpi5mnol,201015 Session 1,,,Session 10 NSM,0
12,7np877hc,P16,0,74,74,el_end,B_End,2020-10-14 22:58:32.552539+00:00,1,,,3.75,2,0,1,100,200,150,,0.00,6,150,150,1,hpi5mnol,201015 Session 1,,,Session 10 NSM,0
13,r88nyk23,P15,0,74,74,el_end,B_End,2020-10-14 22:58:35.417900+00:00,1,,,20.50,1,1,0,180,120,120,,0.00,7,120,180,1,hpi5mnol,201015 Session 1,,,Session 10 NSM,0
14,mxp5b69o,P17,0,74,74,el_end,B_End,2020-10-14 22:58:41.164248+00:00,1,,,3.75,1,1,0,0,300,300,,0.00,8,300,0,1,hpi5mnol,201015 Session 1,,,Session 10 NSM,0
15,5m3qbrd4,P18,0,74,74,el_end,B_End,2020-10-14 22:59:11.044577+00:00,1,,,14.50,1,1,0,200,100,100,,0.00,9,100,200,1,hpi5mnol,201015 Session 1,,,Session 10 NSM,0
16,yttnu24x,P13,0,74,74,el_end,B_End,2020-10-14 22:59:13.356440+00:00,1,,,26.00,2,0,1,20,280,180,,0.00,7,120,180,1,hpi5mnol,201015 Session 1,,,Session 10 NSM,0
17,szrq00x6,P10,0,74,74,el_end,B_End,2020-10-14 22:59:16.804854+00:00,1,,,12.50,2,0,1,120,180,0,,0.00,8,300,0,1,hpi5mnol,201015 Session 1,,,Session 10 NSM,0
18,f48i4gow,P12,0,74,74,el_end,B_End,2020-10-14 22:59:27.340075+00:00,1,,,13.50,2,0,1,100,200,200,,0.00,9,100,200,1,hpi5mnol,201015 Session 1,,,Session 10 NSM,0
19,ls3y3tck,P19,0,74,74,el_end,B_End,2020-10-14 23:01:32.828021+00:00,1,,,16.00,1,1,0,150,150,150,,0.00,10,150,150,1,hpi5mnol,201015 Session 1,,,Session 10 NSM,0
20,gvhvdbli,P20,0,74,74,el_end,B_End,2020-10-14 23:01:48.038254+00:00,1,,,7.50,1,1,0,0,300,300,,0.00,11,300,0,1,hpi5mnol,201015 Session 1,,,Session 10 NSM,0
21,2y3wmsjg,P21,0,74,74,el_end,B_End,2020-10-14 23:01:53.971004+00:00,1,,,5.50,1,1,0,140,160,160,,0.00,12,160,140,1,hpi5mnol,201015 Session 1,,,Session 10 NSM,0
22,ctp9xshk,P22,0,74,74,el_end,B_End,2020-10-14 23:02:21.381218+00:00,1,,,18.00,2,0,1,130,170,150,,0.00,10,150,150,1,hpi5mnol,201015 Session 1,,,Session 10 NSM,0
23,gjqzmdy4,P23,0,74,74,el_end,B_End,2020-10-14 23:02:30.544276+00:00,1,,,14.50,2,0,1,80,220,0,,0.00,11,300,0,1,hpi5mnol,201015 Session 1,,,Session 10 NSM,0
24,ay529nv3,P24,0,74,74,el_end,B_End,2020-10-14 23:02:40.002412+00:00,1,,,17.50,2,0,1,0,300,140,,0.00,12,160,140,1,hpi5mnol,201015 Session 1,,,Session 10 NSM,0
1,o5sl4ozs,P3,0,74,74,el_end,B_End,2020-10-15 00:52:21.379216+00:00,1,,,22.50,1,1,0,0,300,300,,0.00,1,300,0,1,qadia7a1,201015 Session 2,,,Session 11 NSM,0
2,oqj2friw,P1,0,74,74,el_end,B_End,2020-10-15 00:52:38.592009+00:00,1,,,15.25,1,1,0,20,280,280,,0.00,2,280,20,1,qadia7a1,201015 Session 2,,,Session 11 NSM,0
3,16vpevfm,P5,0,74,74,el_end,B_End,2020-10-15 00:52:45.020088+00:00,1,,,15.00,1,1,0,0,300,300,,0.00,3,300,0,1,qadia7a1,201015 Session 2,,,Session 11 NSM,0
4,xtw24qfd,P6,0,74,74,el_end,B_End,2020-10-15 00:53:13.000031+00:00,1,,,1.25,2,0,1,100,200,0,,0.00,1,300,0,1,qadia7a1,201015 Session 2,,,Session 11 NSM,0
5,qolc0ppd,P4,0,74,74,el_end,B_End,2020-10-15 00:53:45.394052+00:00,1,,,2.25,2,0,1,10,290,20,,0.00,2,280,20,1,qadia7a1,201015 Session 2,,,Session 11 NSM,0
6,jnhegaak,P2,0,74,74,el_end,B_End,2020-10-15 00:57:57.532587+00:00,1,,,2.50,2,0,1,10,290,0,,0.00,3,300,0,1,qadia7a1,201015 Session 2,,,Session 11 NSM,0
7,2mshc5st,P7,0,74,74,el_end,B_End,2020-10-15 00:58:50.433518+00:00,1,,,8.75,1,1,0,150,150,150,,0.00,4,150,150,1,qadia7a1,201015 Session 2,,,Session 11 NSM,0
8,n4ns5u8t,P8,0,74,74,el_end,B_End,2020-10-15 00:59:20.105360+00:00,1,,,17.50,1,1,0,100,200,200,,0.00,5,200,100,1,qadia7a1,201015 Session 2,,,Session 11 NSM,0
9,dhv4pum8,P9,0,74,74,el_end,B_End,2020-10-15 00:59:20.969381+00:00,1,,,9.50,1,1,0,120,180,180,,0.00,6,180,120,1,qadia7a1,201015 Session 2,,,Session 11 NSM,0
10,u7tnrpam,P10,0,74,74,el_end,B_End,2020-10-15 00:59:34.998059+00:00,1,,,7.50,2,0,1,0,300,150,,0.00,4,150,150,1,qadia7a1,201015 Session 2,,,Session 11 NSM,0
11,ajo73ybq,P11,0,74,74,el_end,B_End,2020-10-15 00:59:50.564303+00:00,1,,,5.75,2,0,1,80,220,100,,0.00,5,200,100,1,qadia7a1,201015 Session 2,,,Session 11 NSM,0
12,mp83hggh,P12,0,74,74,el_end,B_End,2020-10-15 01:00:00.208064+00:00,1,,,13.50,2,0,1,150,150,120,,0.00,6,180,120,1,qadia7a1,201015 Session 2,,,Session 11 NSM,0
13,hrioqhgu,P14,0,74,74,el_end,B_End,2020-10-15 01:00:35.460762+00:00,1,,,17.50,1,1,0,50,250,250,,0.00,7,250,50,1,qadia7a1,201015 Session 2,,,Session 11 NSM,0
14,y8mj0gkr,P13,0,74,74,el_end,B_End,2020-10-15 01:00:53.745219+00:00,1,,,20.00,1,1,0,50,250,250,,0.00,8,250,50,1,qadia7a1,201015 Session 2,,,Session 11 NSM,0
15,5jm2pk2x,P16,0,74,74,el_end,B_End,2020-10-15 01:01:59.068623+00:00,1,,,10.00,1,1,0,120,180,180,,0.00,9,180,120,1,qadia7a1,201015 Session 2,,,Session 11 NSM,0
16,zkfoh85u,P15,0,74,74,el_end,B_End,2020-10-15 01:02:04.368566+00:00,1,,,2.50,2,0,1,20,280,50,,0.00,7,250,50,1,qadia7a1,201015 Session 2,,,Session 11 NSM,0
17,wtod159g,P17,0,74,74,el_end,B_End,2020-10-15 01:02:12.787349+00:00,1,,,9.00,2,0,1,200,100,50,,0.00,8,250,50,1,qadia7a1,201015 Session 2,,,Session 11 NSM,0
18,y5eykb9i,P18,0,74,74,el_end,B_End,2020-10-15 01:03:02.926811+00:00,1,,,7.00,2,0,1,135,165,120,,0.00,9,180,120,1,qadia7a1,201015 Session 2,,,Session 11 NSM,0
19,0f9ncvmv,P19,0,74,74,el_end,B_End,2020-10-15 01:06:50.300706+00:00,1,,,15.00,1,1,0,150,150,150,,0.00,10,150,150,1,qadia7a1,201015 Session 2,,,Session 11 NSM,0
20,sitdqjdw,P21,0,74,74,el_end,B_End,2020-10-15 01:07:16.584975+00:00,1,,,20.00,1,1,0,0,300,300,,0.00,11,300,0,1,qadia7a1,201015 Session 2,,,Session 11 NSM,0
21,cjpc4ycf,P20,0,74,74,el_end,B_End,2020-10-15 01:07:26.105962+00:00,1,,,22.45,1,1,0,1,299,299,,0.00,12,299,1,1,qadia7a1,201015 Session 2,,,Session 11 NSM,0
22,wg73nzn1,P24,0,73,74,el_end,A_Dropout,2020-10-15 01:07:41.415584+00:00,1,,,0.00,2,0,1,150,150,150,1,0.00,10,150,150,1,qadia7a1,201015 Session 2,,,Session 11 NSM,0
23,jj0qgghq,P23,0,74,74,el_end,B_End,2020-10-15 01:07:58.250405+00:00,1,,,1.25,2,0,1,150,150,0,,0.00,11,300,0,1,qadia7a1,201015 Session 2,,,Session 11 NSM,0
24,by10ksre,P22,0,74,74,el_end,B_End,2020-10-15 01:08:03.939768+00:00,1,,,5.05,2,0,1,150,150,1,,0.00,12,299,1,1,qadia7a1,201015 Session 2,,,Session 11 NSM,0
1,skxgzlw2,P2,0,74,74,el_end,B_End,2020-10-15 22:52:40.611457+00:00,1,,,8.75,1,1,0,150,150,150,,0.00,1,150,150,1,prjaz1hz,201016 Session 1,,,Session 12 SM,0
2,mt2reuy9,P3,0,74,74,el_end,B_End,2020-10-15 22:53:09.227896+00:00,1,,,16.50,1,1,0,80,220,220,,0.00,2,220,80,1,prjaz1hz,201016 Session 1,,,Session 12 SM,0
3,3241d274,P4,0,74,74,el_end,B_End,2020-10-15 22:53:12.089464+00:00,1,,,14.50,1,1,0,10,290,290,,0.00,3,290,10,1,prjaz1hz,201016 Session 1,,,Session 12 SM,0
4,o7qzxz9f,P1,0,74,74,el_end,B_End,2020-10-15 22:53:35.613609+00:00,1,,,7.50,2,0,1,150,150,150,,0.00,1,150,150,1,prjaz1hz,201016 Session 1,,,Session 12 SM,0
5,8p1cx2l9,P5,0,74,74,el_end,B_End,2020-10-15 22:53:41.101045+00:00,1,,,8.50,2,0,1,0,300,80,,0.00,2,220,80,1,prjaz1hz,201016 Session 1,,,Session 12 SM,0
6,k1j3el8f,P6,0,74,74,el_end,B_End,2020-10-15 22:53:49.122881+00:00,1,,,5.50,2,0,1,0,300,10,,0.00,3,290,10,1,prjaz1hz,201016 Session 1,,,Session 12 SM,0
7,86ll6zuk,P7,0,74,74,el_end,B_End,2020-10-15 22:55:49.831364+00:00,1,,,13.00,1,1,0,50,250,250,,0.00,4,250,50,1,prjaz1hz,201016 Session 1,,,Session 12 SM,0
8,5rxcfjnr,P8,0,74,74,el_end,B_End,2020-10-15 22:55:51.668757+00:00,1,,,21.00,1,1,0,10,290,290,,0.00,5,290,10,1,prjaz1hz,201016 Session 1,,,Session 12 SM,0
9,k8scgucr,P9,0,74,74,el_end,B_End,2020-10-15 22:55:53.511854+00:00,1,,,12.00,1,1,0,150,150,150,,0.00,6,150,150,1,prjaz1hz,201016 Session 1,,,Session 12 SM,0
10,5tpbtwff,P11,0,74,74,el_end,B_End,2020-10-15 22:57:13.278547+00:00,1,,,3.50,2,0,1,0,300,50,,0.00,4,250,50,1,prjaz1hz,201016 Session 1,,,Session 12 SM,0
11,tcbtazbw,P10,0,74,74,el_end,B_End,2020-10-15 22:57:01.881122+00:00,1,,,1.50,2,0,1,150,150,10,,0.00,5,290,10,1,prjaz1hz,201016 Session 1,,,Session 12 SM,0
12,sxxzzfjh,P13,0,74,74,el_end,B_End,2020-10-15 22:57:07.359485+00:00,1,,,15.00,2,0,1,0,300,150,,0.00,6,150,150,1,prjaz1hz,201016 Session 1,,,Session 12 SM,0
13,uz6u1s6c,P12,0,74,74,el_end,B_End,2020-10-15 22:57:15.312928+00:00,1,,,22.50,1,1,0,0,300,300,,0.00,7,300,0,1,prjaz1hz,201016 Session 1,,,Session 12 SM,0
14,a0tsgjyy,P15,0,74,74,el_end,B_End,2020-10-15 22:58:07.604725+00:00,1,,,20.50,1,1,0,0,300,300,,0.00,8,300,0,1,prjaz1hz,201016 Session 1,,,Session 12 SM,0
15,pybfdtqz,P16,0,74,74,el_end,B_End,2020-10-15 22:58:18.974211+00:00,1,,,9.25,1,1,0,130,170,170,,0.00,9,170,130,1,prjaz1hz,201016 Session 1,,,Session 12 SM,0
16,bcb3roc0,P14,0,74,74,el_end,B_End,2020-10-15 22:58:21.736991+00:00,1,,,6.50,2,0,1,80,220,0,,0.00,7,300,0,1,prjaz1hz,201016 Session 1,,,Session 12 SM,0
17,fyf8q979,P18,0,74,74,el_end,B_End,2020-10-15 22:58:47.831718+00:00,1,,,7.50,2,0,1,0,300,0,,0.00,8,300,0,1,prjaz1hz,201016 Session 1,,,Session 12 SM,0
18,9285rcnp,P17,0,74,74,el_end,B_End,2020-10-15 22:58:54.364750+00:00,1,,,14.00,2,0,1,150,150,130,,0.00,9,170,130,1,prjaz1hz,201016 Session 1,,,Session 12 SM,0
19,7wu62mkf,P19,0,74,74,el_end,B_End,2020-10-15 23:05:38.524060+00:00,1,,,22.50,1,1,0,0,300,300,,0.00,10,300,0,1,prjaz1hz,201016 Session 1,,,Session 12 SM,0
20,yotuzsps,P20,0,74,74,el_end,B_End,2020-10-15 23:06:20.188556+00:00,1,,,20.00,1,1,0,50,250,250,,0.00,11,250,50,1,prjaz1hz,201016 Session 1,,,Session 12 SM,0
21,2mgx8bf5,P23,0,74,74,el_end,B_End,2020-10-15 23:06:42.259889+00:00,1,,,15.00,1,1,0,100,200,200,,0.00,12,200,100,1,prjaz1hz,201016 Session 1,,,Session 12 SM,0
22,6os3eguv,P22,0,74,74,el_end,B_End,2020-10-15 23:06:44.824530+00:00,1,,,0.50,2,0,1,130,170,0,,0.00,10,300,0,1,prjaz1hz,201016 Session 1,,,Session 12 SM,0
23,hd29bsyj,P24,0,74,74,el_end,B_End,2020-10-15 23:07:06.518749+00:00,1,,,3.00,2,0,1,150,150,50,,0.00,11,250,50,1,prjaz1hz,201016 Session 1,,,Session 12 SM,0
24,3f938wwo,P21,0,74,74,el_end,B_End,2020-10-15 23:07:44.715029+00:00,1,,,8.50,2,0,1,150,150,100,,0.00,12,200,100,1,prjaz1hz,201016 Session 1,,,Session 12 SM,0
1,cubac537,P2,0,74,74,el_end,B_End,2020-10-16 00:52:24.468926+00:00,1,,,16.25,1,1,0,50,250,250,,0.00,1,250,50,1,uo76dxa8,201016 Session 2,,,Session 13 NSM,0
2,fpw4721h,P1,0,74,74,el_end,B_End,2020-10-16 00:52:55.608524+00:00,1,,,17.50,1,1,0,40,260,260,,0.00,2,260,40,1,uo76dxa8,201016 Session 2,,,Session 13 NSM,0
3,j41s0w59,P5,0,74,74,el_end,B_End,2020-10-16 00:53:23.865766+00:00,1,,,7.00,1,1,0,150,150,150,,0.00,3,150,150,1,uo76dxa8,201016 Session 2,,,Session 13 NSM,0
4,amn2z1mo,P4,0,74,74,el_end,B_End,2020-10-16 00:53:30.197395+00:00,1,,,18.00,2,0,1,0,300,50,,0.00,1,250,50,1,uo76dxa8,201016 Session 2,,,Session 13 NSM,0
5,cffdk2z8,P6,0,74,74,el_end,B_End,2020-10-16 00:53:56.709275+00:00,1,,,7.50,2,0,1,0,300,40,,0.00,2,260,40,1,uo76dxa8,201016 Session 2,,,Session 13 NSM,0
6,6vh6a1zw,P3,0,74,74,el_end,B_End,2020-10-16 00:55:05.610303+00:00,1,,,0.00,2,0,1,150,150,150,,0.00,3,150,150,1,uo76dxa8,201016 Session 2,,,Session 13 NSM,0
7,2gi75a7x,P7,0,74,74,el_end,B_End,2020-10-16 00:55:16.008723+00:00,1,,,16.00,1,1,0,150,150,150,,0.00,4,150,150,1,uo76dxa8,201016 Session 2,,,Session 13 NSM,0
8,82vzj2dc,P8,0,74,74,el_end,B_End,2020-10-16 00:55:21.377202+00:00,1,,,14.00,1,1,0,200,100,100,,0.00,5,100,200,1,uo76dxa8,201016 Session 2,,,Session 13 NSM,0
9,mdig1aiw,P9,0,74,74,el_end,B_End,2020-10-16 00:55:38.918832+00:00,1,,,5.00,1,1,0,100,200,200,,0.00,6,200,100,1,uo76dxa8,201016 Session 2,,,Session 13 NSM,0
10,itv0f4ue,P11,0,74,74,el_end,B_End,2020-10-16 00:56:03.888496+00:00,1,,,15.00,2,0,1,150,150,150,,0.00,4,150,150,1,uo76dxa8,201016 Session 2,,,Session 13 NSM,0
11,q00xp1cd,P10,0,74,74,el_end,B_End,2020-10-16 00:56:09.726852+00:00,1,,,14.50,2,0,1,100,200,200,,0.00,5,100,200,1,uo76dxa8,201016 Session 2,,,Session 13 NSM,0
12,jd7qgzem,P12,0,74,74,el_end,B_End,2020-10-16 00:56:37.013057+00:00,1,,,1.50,2,0,1,50,250,100,,0.00,6,200,100,1,uo76dxa8,201016 Session 2,,,Session 13 NSM,0
13,tknsafyv,P13,0,74,74,el_end,B_End,2020-10-16 00:57:56.117355+00:00,1,,,20.00,1,1,0,130,170,170,,0.00,7,170,130,1,uo76dxa8,201016 Session 2,,,Session 13 NSM,0
14,10hyolf1,P15,0,74,74,el_end,B_End,2020-10-16 00:58:12.880401+00:00,1,,,5.50,1,1,0,0,300,300,,0.00,8,300,0,1,uo76dxa8,201016 Session 2,,,Session 13 NSM,0
15,3u6s2lum,P16,0,74,74,el_end,B_End,2020-10-16 00:58:29.437078+00:00,1,,,17.50,1,1,0,150,150,150,,0.00,9,150,150,1,uo76dxa8,201016 Session 2,,,Session 13 NSM,0
16,xgc8qufx,P14,0,74,74,el_end,B_End,2020-10-16 00:58:37.263537+00:00,1,,,17.00,2,0,1,1,299,130,,0.00,7,170,130,1,uo76dxa8,201016 Session 2,,,Session 13 NSM,0
17,dj24kqmu,P17,0,74,74,el_end,B_End,2020-10-16 00:58:40.228447+00:00,1,,,10.00,2,0,1,0,300,0,,0.00,8,300,0,1,uo76dxa8,201016 Session 2,,,Session 13 NSM,0
18,tzk12du7,P18,0,74,74,el_end,B_End,2020-10-16 00:59:07.044267+00:00,1,,,7.00,2,0,1,50,250,150,,0.00,9,150,150,1,uo76dxa8,201016 Session 2,,,Session 13 NSM,0
19,t3dd25lv,P19,0,74,74,el_end,B_End,2020-10-16 01:01:47.274105+00:00,1,,,22.50,1,1,0,75,225,225,,0.00,10,225,75,1,uo76dxa8,201016 Session 2,,,Session 13 NSM,0
20,ndfp77vx,P20,0,74,74,el_end,B_End,2020-10-16 01:02:14.016671+00:00,1,,,17.50,1,1,0,0,300,300,,0.00,11,300,0,1,uo76dxa8,201016 Session 2,,,Session 13 NSM,0
21,xv1la2i0,P21,0,74,74,el_end,B_End,2020-10-16 01:02:33.686163+00:00,1,,,10.00,1,1,0,100,200,200,,0.00,12,200,100,1,uo76dxa8,201016 Session 2,,,Session 13 NSM,0
22,7yseuopb,P24,0,74,74,el_end,B_End,2020-10-16 01:02:58.960610+00:00,1,,,3.75,2,0,1,150,150,75,,0.00,10,225,75,1,uo76dxa8,201016 Session 2,,,Session 13 NSM,0
23,q8ggtmdv,P23,0,74,74,el_end,B_End,2020-10-16 01:02:59.075818+00:00,1,,,7.50,2,0,1,80,220,0,,0.00,11,300,0,1,uo76dxa8,201016 Session 2,,,Session 13 NSM,0
24,j8y0yoya,P22,0,74,74,el_end,B_End,2020-10-16 01:03:45.267713+00:00,1,,,2.50,2,0,1,150,150,100,,0.00,12,200,100,1,uo76dxa8,201016 Session 2,,,Session 13 NSM,0
1,djdhvu1m,P1,0,74,74,el_end,B_End,2020-10-16 02:53:17.723751+00:00,1,,,17.50,1,1,0,100,200,200,,0.00,1,200,100,1,k7lxz7ws,201016 Session 3,,,Session 14 SM,0
2,5yytfduf,P3,0,74,74,el_end,B_End,2020-10-16 02:53:35.444607+00:00,1,,,20.00,1,1,0,50,250,250,,0.00,2,250,50,1,k7lxz7ws,201016 Session 3,,,Session 14 SM,0
3,wo15d2hx,P6,0,74,74,el_end,B_End,2020-10-16 02:54:05.060580+00:00,1,,,15.50,1,1,0,0,300,300,,0.00,3,300,0,1,k7lxz7ws,201016 Session 3,,,Session 14 SM,0
4,romnabld,P5,0,74,74,el_end,B_End,2020-10-16 02:54:09.375812+00:00,1,,,10.50,2,0,1,20,280,100,,0.00,1,200,100,1,k7lxz7ws,201016 Session 3,,,Session 14 SM,0
5,4epz5yd2,P4,0,74,74,el_end,B_End,2020-10-16 02:54:29.506727+00:00,1,,,10.00,2,0,1,0,300,50,,0.00,2,250,50,1,k7lxz7ws,201016 Session 3,,,Session 14 SM,0
6,0ordkr15,P8,0,74,74,el_end,B_End,2020-10-16 02:55:59.303094+00:00,1,,,1.00,2,0,1,150,150,0,,0.00,3,300,0,1,k7lxz7ws,201016 Session 3,,,Session 14 SM,0
7,872aaqzm,P7,0,74,74,el_end,B_End,2020-10-16 02:56:06.908985+00:00,1,,,22.50,1,1,0,0,300,300,,0.00,4,300,0,1,k7lxz7ws,201016 Session 3,,,Session 14 SM,0
8,lhk5pre3,P9,0,74,74,el_end,B_End,2020-10-16 02:56:23.663625+00:00,1,,,7.50,1,1,0,150,150,150,,0.00,5,150,150,1,k7lxz7ws,201016 Session 3,,,Session 14 SM,0
9,cycpt8jc,P10,0,74,74,el_end,B_End,2020-10-16 02:56:44.982571+00:00,1,,,20.00,1,1,0,0,300,300,,0.00,6,300,0,1,k7lxz7ws,201016 Session 3,,,Session 14 SM,0
10,yxcvfbwh,P2,0,74,74,el_end,B_End,2020-10-16 02:56:46.271373+00:00,1,,,7.50,2,0,1,150,150,0,,0.00,4,300,0,1,k7lxz7ws,201016 Session 3,,,Session 14 SM,0
11,gppjhdy7,P11,0,74,74,el_end,B_End,2020-10-16 02:56:48.915126+00:00,1,,,9.50,2,0,1,100,200,150,,0.00,5,150,150,1,k7lxz7ws,201016 Session 3,,,Session 14 SM,0
12,10brzif6,P12,0,74,74,el_end,B_End,2020-10-16 02:57:14.293128+00:00,1,,,0.75,2,0,1,20,280,0,,0.00,6,300,0,1,k7lxz7ws,201016 Session 3,,,Session 14 SM,0
13,s58fz5ur,P13,0,74,74,el_end,B_End,2020-10-16 02:57:29.353284+00:00,1,,,14.00,1,1,0,30,270,270,,0.00,7,270,30,1,k7lxz7ws,201016 Session 3,,,Session 14 SM,0
14,qvwmer67,P14,0,74,74,el_end,B_End,2020-10-16 02:58:11.806746+00:00,1,,,11.95,1,1,0,155,145,145,,0.00,8,145,155,1,k7lxz7ws,201016 Session 3,,,Session 14 SM,0
15,n40qxe5r,P16,0,74,74,el_end,B_End,2020-10-16 02:58:13.085122+00:00,1,,,19.50,1,1,0,0,300,300,,0.00,9,300,0,1,k7lxz7ws,201016 Session 3,,,Session 14 SM,0
16,f95u0quz,P17,0,74,74,el_end,B_End,2020-10-16 02:58:30.119926+00:00,1,,,1.50,2,0,1,0,300,30,,0.00,7,270,30,1,k7lxz7ws,201016 Session 3,,,Session 14 SM,0
17,5w7ehys3,P15,0,74,74,el_end,B_End,2020-10-16 02:58:32.147876+00:00,1,,,14.75,2,0,1,200,100,155,,0.00,8,145,155,1,k7lxz7ws,201016 Session 3,,,Session 14 SM,0
18,7uz7li0o,P18,0,74,74,el_end,B_End,2020-10-16 02:58:49.404628+00:00,1,,,6.00,2,0,1,100,200,0,,0.00,9,300,0,1,k7lxz7ws,201016 Session 3,,,Session 14 SM,0
19,2ug3jc3r,P19,0,74,74,el_end,B_End,2020-10-16 03:03:23.263810+00:00,1,,,13.00,1,1,0,50,250,250,,0.00,10,250,50,1,k7lxz7ws,201016 Session 3,,,Session 14 SM,0
20,81093dgv,P20,0,74,74,el_end,B_End,2020-10-16 03:03:33.656656+00:00,1,,,22.50,1,1,0,0,300,300,,0.00,11,300,0,1,k7lxz7ws,201016 Session 3,,,Session 14 SM,0
21,lydg9gu0,P21,0,74,74,el_end,B_End,2020-10-16 03:03:51.385065+00:00,1,,,14.00,1,1,0,20,280,280,,0.00,12,280,20,1,k7lxz7ws,201016 Session 3,,,Session 14 SM,0
22,mwaa6wtg,P23,0,74,74,el_end,B_End,2020-10-16 03:04:19.812997+00:00,1,,,10.00,2,0,1,0,300,50,,0.00,10,250,50,1,k7lxz7ws,201016 Session 3,,,Session 14 SM,0
23,8ccnnfql,P22,0,74,74,el_end,B_End,2020-10-16 03:05:34.839660+00:00,1,,,4.50,2,0,1,130,170,0,,0.00,11,300,0,1,k7lxz7ws,201016 Session 3,,,Session 14 SM,0
24,zzqvlxf6,P24,0,74,74,el_end,B_End,2020-10-16 03:05:40.981153+00:00,1,,,2.25,2,0,1,150,150,20,,0.00,12,280,20,1,k7lxz7ws,201016 Session 3,,,Session 14 SM,0
1,s6iv2ph3,P2,0,74,74,el_end,B_End,2020-10-19 22:50:58.190448+00:00,1,,,10.50,1,1,0,100,200,200,,0.00,1,200,100,1,62v9u6q2,201020 Session 1,,,Session 15 NSM,0
2,q3dh9byn,P1,0,74,74,el_end,B_End,2020-10-19 22:51:00.243235+00:00,1,,,8.75,1,1,0,150,150,150,,0.00,2,150,150,1,62v9u6q2,201020 Session 1,,,Session 15 NSM,0
3,ubxilw8p,P3,0,74,74,el_end,B_End,2020-10-19 22:51:18.280148+00:00,1,,,13.00,1,1,0,120,180,180,,0.00,3,180,120,1,62v9u6q2,201020 Session 1,,,Session 15 NSM,0
4,owfl7yy3,P4,0,74,74,el_end,B_End,2020-10-19 22:51:32.596827+00:00,1,,,6.25,2,0,1,150,150,100,,0.00,1,200,100,1,62v9u6q2,201020 Session 1,,,Session 15 NSM,0
5,ybqgoyhb,P6,0,74,74,el_end,B_End,2020-10-19 22:52:12.472368+00:00,1,,,12.50,2,0,1,0,300,150,,0.00,2,150,150,1,62v9u6q2,201020 Session 1,,,Session 15 NSM,0
6,phzti1rg,P5,0,74,74,el_end,B_End,2020-10-19 22:52:13.255431+00:00,1,,,13.50,2,0,1,0,300,120,,0.00,3,180,120,1,62v9u6q2,201020 Session 1,,,Session 15 NSM,0
7,wr6vmuxc,P7,0,74,74,el_end,B_End,2020-10-19 22:56:24.977311+00:00,1,,,13.00,1,1,0,150,150,150,,0.00,4,150,150,1,62v9u6q2,201020 Session 1,,,Session 15 NSM,0
8,lzw8v65h,P9,0,74,74,el_end,B_End,2020-10-19 22:57:08.648542+00:00,1,,,8.75,1,1,0,150,150,150,,0.00,5,150,150,1,62v9u6q2,201020 Session 1,,,Session 15 NSM,0
9,f1qglsp4,P10,0,74,74,el_end,B_End,2020-10-19 22:57:13.229117+00:00,1,,,9.00,1,1,0,150,150,150,,0.00,6,150,150,1,62v9u6q2,201020 Session 1,,,Session 15 NSM,0
10,udt3yo57,P11,0,74,74,el_end,B_End,2020-10-19 22:58:16.383965+00:00,1,,,15.00,2,0,1,120,180,150,,0.00,4,150,150,1,62v9u6q2,201020 Session 1,,,Session 15 NSM,0
11,ri20w7zb,P12,0,74,74,el_end,B_End,2020-10-19 22:58:52.776463+00:00,1,,,7.50,2,0,1,0,300,150,,0.00,5,150,150,1,62v9u6q2,201020 Session 1,,,Session 15 NSM,0
12,mdd5ntzo,P8,0,74,74,el_end,B_End,2020-10-19 22:59:00.602368+00:00,1,,,12.00,2,0,1,100,200,150,,0.00,6,150,150,1,62v9u6q2,201020 Session 1,,,Session 15 NSM,0
13,ty1mit5d,P13,0,74,74,el_end,B_End,2020-10-19 23:00:09.482994+00:00,1,,,9.00,1,1,0,150,150,150,,0.00,7,150,150,1,62v9u6q2,201020 Session 1,,,Session 15 NSM,0
14,7bj15jq2,P14,0,74,74,el_end,B_End,2020-10-19 23:00:43.471173+00:00,1,,,13.00,1,1,0,150,150,150,,0.00,8,150,150,1,62v9u6q2,201020 Session 1,,,Session 15 NSM,0
15,fe3t64qh,P15,0,74,74,el_end,B_End,2020-10-19 23:01:09.137281+00:00,1,,,17.45,1,1,0,1,299,299,,0.00,9,299,1,1,62v9u6q2,201020 Session 1,,,Session 15 NSM,0
16,jllyg7v6,P18,0,74,74,el_end,B_End,2020-10-19 23:01:27.971827+00:00,1,,,8.50,2,0,1,150,150,150,,0.00,7,150,150,1,62v9u6q2,201020 Session 1,,,Session 15 NSM,0
17,jhjafc9d,P17,0,74,74,el_end,B_End,2020-10-19 23:01:44.875992+00:00,1,,,8.75,2,0,1,100,200,150,,0.00,8,150,150,1,62v9u6q2,201020 Session 1,,,Session 15 NSM,0
18,ysnfomt7,P16,0,74,74,el_end,B_End,2020-10-19 23:05:01.826482+00:00,1,,,0.05,2,0,1,150,150,1,,0.00,9,299,1,1,62v9u6q2,201020 Session 1,,,Session 15 NSM,0
19,dndt4uhb,P19,0,74,74,el_end,B_End,2020-10-19 23:06:47.027492+00:00,1,,,12.50,1,1,0,150,150,150,,0.00,10,150,150,1,62v9u6q2,201020 Session 1,,,Session 15 NSM,0
20,uptm42km,P20,0,74,74,el_end,B_End,2020-10-19 23:06:47.354089+00:00,1,,,12.00,1,1,0,170,130,130,,0.00,11,130,170,1,62v9u6q2,201020 Session 1,,,Session 15 NSM,0
21,f64e1lnd,P21,0,74,74,el_end,B_End,2020-10-19 23:07:04.552464+00:00,1,,,11.00,1,1,0,100,200,200,,0.00,12,200,100,1,62v9u6q2,201020 Session 1,,,Session 15 NSM,0
22,8x9cra5r,P22,0,74,74,el_end,B_End,2020-10-19 23:07:18.231211+00:00,1,,,15.00,2,0,1,100,200,150,,0.00,10,150,150,1,62v9u6q2,201020 Session 1,,,Session 15 NSM,0
23,y5ooyylc,P24,0,73,74,el_end,A_Dropout,2020-10-19 23:07:22.611436+00:00,1,,,0.00,2,0,1,150,150,170,1,0.00,11,130,170,1,62v9u6q2,201020 Session 1,,,Session 15 NSM,0
24,mppb9n87,P23,0,74,74,el_end,B_End,2020-10-19 23:07:34.375660+00:00,1,,,12.50,2,0,1,0,300,100,,0.00,12,200,100,1,62v9u6q2,201020 Session 1,,,Session 15 NSM,0
1,e5o16cbf,P1,0,74,74,el_end,B_End,2020-10-20 02:54:05.902426+00:00,1,,,15.00,1,1,0,150,150,150,,0.00,1,150,150,1,pc7ei0ul,201020 Session 3,,,Session 17 SM,0
2,mtyrvtch,P2,0,74,74,el_end,B_End,2020-10-20 02:54:28.450445+00:00,1,,,22.50,1,1,0,0,300,300,,0.00,2,300,0,1,pc7ei0ul,201020 Session 3,,,Session 17 SM,0
3,i0ml2yog,P3,0,74,74,el_end,B_End,2020-10-20 02:54:41.395652+00:00,1,,,15.00,1,1,0,0,300,300,,0.00,3,300,0,1,pc7ei0ul,201020 Session 3,,,Session 17 SM,0
4,1kpyqot0,P5,0,74,74,el_end,B_End,2020-10-20 02:55:05.609228+00:00,1,,,9.50,2,0,1,130,170,150,,0.00,1,150,150,1,pc7ei0ul,201020 Session 3,,,Session 17 SM,0
5,hy5f55mp,P6,0,74,74,el_end,B_End,2020-10-20 02:55:15.859617+00:00,1,,,7.50,2,0,1,0,300,0,,0.00,2,300,0,1,pc7ei0ul,201020 Session 3,,,Session 17 SM,0
6,565b7qsp,P4,0,74,74,el_end,B_End,2020-10-20 02:55:47.470828+00:00,1,,,3.50,2,0,1,50,250,0,,0.00,3,300,0,1,pc7ei0ul,201020 Session 3,,,Session 17 SM,0
7,5brsaqnz,P7,0,74,74,el_end,B_End,2020-10-20 02:56:10.925897+00:00,1,,,7.50,1,1,0,150,150,150,,0.00,4,150,150,1,pc7ei0ul,201020 Session 3,,,Session 17 SM,0
8,gkocogln,P8,0,74,74,el_end,B_End,2020-10-20 02:56:32.874210+00:00,1,,,15.50,1,1,0,0,300,300,,0.00,5,300,0,1,pc7ei0ul,201020 Session 3,,,Session 17 SM,0
9,uk0w7fgi,P9,0,74,74,el_end,B_End,2020-10-20 02:56:37.784439+00:00,1,,,17.50,1,1,0,100,200,200,,0.00,6,200,100,1,pc7ei0ul,201020 Session 3,,,Session 17 SM,0
10,jkmz0ew9,P10,0,74,74,el_end,B_End,2020-10-20 02:56:46.740405+00:00,1,,,9.00,2,0,1,0,300,150,,0.00,4,150,150,1,pc7ei0ul,201020 Session 3,,,Session 17 SM,0
11,es5wfju9,P11,0,74,74,el_end,B_End,2020-10-20 02:56:51.194973+00:00,1,,,5.00,2,0,1,150,150,0,,0.00,5,300,0,1,pc7ei0ul,201020 Session 3,,,Session 17 SM,0
12,uhr082tx,P12,0,74,74,el_end,B_End,2020-10-20 02:56:57.171988+00:00,1,,,12.50,2,0,1,50,250,100,,0.00,6,200,100,1,pc7ei0ul,201020 Session 3,,,Session 17 SM,0
13,obm94jvw,P13,0,74,74,el_end,B_End,2020-10-20 02:58:41.649393+00:00,1,,,10.00,1,1,0,120,180,180,,0.00,7,180,120,1,pc7ei0ul,201020 Session 3,,,Session 17 SM,0
14,1eoy7xdq,P14,0,74,74,el_end,B_End,2020-10-20 02:59:07.161891+00:00,1,,,12.50,1,1,0,150,150,150,,0.00,8,150,150,1,pc7ei0ul,201020 Session 3,,,Session 17 SM,0
15,srfthyku,P15,0,74,74,el_end,B_End,2020-10-20 02:59:23.486194+00:00,1,,,12.50,1,1,0,150,150,150,,0.00,9,150,150,1,pc7ei0ul,201020 Session 3,,,Session 17 SM,0
16,2tr8txzc,P18,0,74,74,el_end,B_End,2020-10-20 03:00:19.003440+00:00,1,,,13.50,2,0,1,150,150,120,,0.00,7,180,120,1,pc7ei0ul,201020 Session 3,,,Session 17 SM,0
17,zf9a2hmm,P19,0,74,74,el_end,B_End,2020-10-20 03:00:48.902662+00:00,1,,,12.00,2,0,1,150,150,150,,0.00,8,150,150,1,pc7ei0ul,201020 Session 3,,,Session 17 SM,0
18,u5hr6b1u,P16,0,74,74,el_end,B_End,2020-10-20 03:00:49.059006+00:00,1,,,8.75,2,0,1,150,150,150,,0.00,9,150,150,1,pc7ei0ul,201020 Session 3,,,Session 17 SM,0
19,ap92idlb,P17,0,74,74,el_end,B_End,2020-10-20 03:01:09.825908+00:00,1,,,15.50,1,1,0,100,200,200,,0.00,10,200,100,1,pc7ei0ul,201020 Session 3,,,Session 17 SM,0
20,qt96tob9,P20,0,74,74,el_end,B_End,2020-10-20 03:01:24.736180+00:00,1,,,14.00,1,1,0,20,280,280,,0.00,11,280,20,1,pc7ei0ul,201020 Session 3,,,Session 17 SM,0
21,o0imgm0v,P22,0,74,74,el_end,B_End,2020-10-20 03:02:12.517767+00:00,1,,,16.50,1,1,0,60,240,240,,0.00,12,240,60,1,pc7ei0ul,201020 Session 3,,,Session 17 SM,0
22,nf9ticsp,P21,0,74,74,el_end,B_End,2020-10-20 03:02:16.148232+00:00,1,,,5.50,2,0,1,150,150,100,,0.00,10,200,100,1,pc7ei0ul,201020 Session 3,,,Session 17 SM,0
23,4d27xwp1,P23,0,73,74,el_end,A_Dropout,2020-10-20 03:02:28.627046+00:00,1,,,0.00,2,0,1,150,150,20,1,0.00,11,280,20,1,pc7ei0ul,201020 Session 3,,,Session 17 SM,0
24,yi2vy41q,P24,0,74,74,el_end,B_End,2020-10-20 03:04:23.201163+00:00,1,,,10.50,2,0,1,300,0,60,,0.00,12,240,60,1,pc7ei0ul,201020 Session 3,,,Session 17 SM,0
1,4slvagsr,P2,0,74,74,el_end,B_End,2020-10-20 00:53:48.457498+00:00,1,,,32.50,1,1,0,150,150,150,,0.00,1,150,150,1,183fahef,201020 Session 2,,,Session 16 NSM,0
2,sq7f69mu,P1,0,74,74,el_end,B_End,2020-10-20 00:53:50.320224+00:00,1,,,7.50,1,1,0,150,150,150,,0.00,2,150,150,1,183fahef,201020 Session 2,,,Session 16 NSM,0
3,kabesy6f,P4,0,74,74,el_end,B_End,2020-10-20 00:54:00.488841+00:00,1,,,7.50,1,1,0,150,150,150,,0.00,3,150,150,1,183fahef,201020 Session 2,,,Session 16 NSM,0
4,r9759oqx,P3,0,74,74,el_end,B_End,2020-10-20 00:54:07.756989+00:00,1,,,3.35,2,0,1,150,150,150,,0.00,1,150,150,1,183fahef,201020 Session 2,,,Session 16 NSM,0
5,a877rn5q,P5,0,74,74,el_end,B_End,2020-10-20 00:54:23.540953+00:00,1,,,7.50,2,0,1,170,130,150,,0.00,2,150,150,1,183fahef,201020 Session 2,,,Session 16 NSM,0
6,h4o3sav5,P6,0,74,74,el_end,B_End,2020-10-20 00:54:28.586369+00:00,1,,,11.25,2,0,1,200,100,150,,0.00,3,150,150,1,183fahef,201020 Session 2,,,Session 16 NSM,0
7,76517cfl,P7,0,74,74,el_end,B_End,2020-10-20 00:55:09.380764+00:00,1,,,4.00,1,1,0,50,250,250,,0.00,4,250,50,1,183fahef,201020 Session 2,,,Session 16 NSM,0
8,s6r5yeh3,P8,0,74,74,el_end,B_End,2020-10-20 00:55:36.279138+00:00,1,,,5.00,1,1,0,0,300,300,,0.00,5,300,0,1,183fahef,201020 Session 2,,,Session 16 NSM,0
9,gixfhz1y,P9,0,74,74,el_end,B_End,2020-10-20 00:55:36.763824+00:00,1,,,0.00,1,1,0,100,200,200,,0.00,6,200,100,1,183fahef,201020 Session 2,,,Session 16 NSM,0
10,71whv137,P10,0,74,74,el_end,B_End,2020-10-20 00:55:37.533621+00:00,1,,,22.50,2,0,1,150,150,50,,0.00,4,250,50,1,183fahef,201020 Session 2,,,Session 16 NSM,0
11,5bdwghg6,P11,0,74,74,el_end,B_End,2020-10-20 00:55:56.652377+00:00,1,,,10.00,2,0,1,100,200,0,,0.00,5,300,0,1,183fahef,201020 Session 2,,,Session 16 NSM,0
12,w15idug3,P12,0,74,74,el_end,B_End,2020-10-20 00:56:00.949780+00:00,1,,,15.00,2,0,1,150,150,100,,0.00,6,200,100,1,183fahef,201020 Session 2,,,Session 16 NSM,0
13,qsgraydi,P13,0,74,74,el_end,B_End,2020-10-20 00:57:20.185797+00:00,1,,,22.50,1,1,0,50,250,250,,0.00,7,250,50,1,183fahef,201020 Session 2,,,Session 16 NSM,0
14,snylxivy,P14,0,74,74,el_end,B_End,2020-10-20 00:57:22.185860+00:00,1,,,17.50,1,1,0,150,150,150,,0.00,8,150,150,1,183fahef,201020 Session 2,,,Session 16 NSM,0
15,dtiydz82,P16,0,74,74,el_end,B_End,2020-10-20 00:57:47.396787+00:00,1,,,12.50,1,1,0,0,300,300,,0.00,9,300,0,1,183fahef,201020 Session 2,,,Session 16 NSM,0
16,0s153bql,P15,0,74,74,el_end,B_End,2020-10-20 00:57:47.441296+00:00,1,,,20.50,2,0,1,150,150,50,,0.00,7,250,50,1,183fahef,201020 Session 2,,,Session 16 NSM,0
17,w0nd7yoc,P18,0,74,74,el_end,B_End,2020-10-20 00:58:11.910627+00:00,1,,,2.50,2,0,1,0,300,150,,0.00,8,150,150,1,183fahef,201020 Session 2,,,Session 16 NSM,0
18,mh151mgx,P17,0,74,74,el_end,B_End,2020-10-20 00:58:40.686810+00:00,1,,,7.50,2,0,1,0,300,0,,0.00,9,300,0,1,183fahef,201020 Session 2,,,Session 16 NSM,0
19,9ruhpgs8,P19,0,74,74,el_end,B_End,2020-10-20 01:00:54.051928+00:00,1,,,32.50,1,1,0,150,150,150,,0.00,10,150,150,1,183fahef,201020 Session 2,,,Session 16 NSM,0
20,a82qk77b,P20,0,74,74,el_end,B_End,2020-10-20 01:01:03.227573+00:00,1,,,0.00,1,1,0,1,299,299,,0.00,11,299,1,1,183fahef,201020 Session 2,,,Session 16 NSM,0
21,yspo9ibj,P22,0,74,74,el_end,B_End,2020-10-20 01:01:29.206387+00:00,1,,,16.50,1,1,0,130,170,170,,0.00,12,170,130,1,183fahef,201020 Session 2,,,Session 16 NSM,0
22,ux9a6mgg,P24,0,74,74,el_end,B_End,2020-10-20 01:01:58.143210+00:00,1,,,13.75,2,0,1,150,150,150,,0.00,10,150,150,1,183fahef,201020 Session 2,,,Session 16 NSM,0
23,lv90f205,P21,0,74,74,el_end,B_End,2020-10-20 01:02:20.811041+00:00,1,,,10.00,2,0,1,0,300,1,,0.00,11,299,1,1,183fahef,201020 Session 2,,,Session 16 NSM,0
24,xrxrx2p5,P23,0,74,74,el_end,B_End,2020-10-20 01:03:36.298564+00:00,1,,,10.50,2,0,1,150,150,130,,0.00,12,170,130,1,183fahef,201020 Session 2,,,Session 16 NSM,0
